time [s];GER pos. energy aFRR [MWh];GER neg. energy aFRR [MWh];GER pos. aFRR costs [EUR];GER neg. aFRR costs [EUR];GER pos. energy mFRR [MWh];GER neg. energy mFRR [MWh];GER pos. mFRR costs [EUR];GER neg. mFRR costs [EUR];GER AEP [EUR/MWh];
899;1.1392555806041984;-135.278550086891;44.49376380836604;1335.980871664509;0.0;0.0;0.0;0.0;-10.29135154284098
1799;3.5282835692569554;-54.066878533863424;145.3428986283505;-177.31829168517638;0.0;0.0;0.0;0.0;0.6326925605909524
2699;0.6243050978399673;-58.094407015661766;23.912560969258724;-236.9127447816953;0.0;0.0;0.0;0.0;3.7062781638531255
3599;0.22804141770852523;-29.677915462992125;8.641148698268521;-260.5441882600378;0.0;0.0;0.0;0.0;8.553620269289796
4499;1.2549912264171414;-16.664918958273894;49.48359725152791;-80.08703622547017;0.0;0.0;0.0;0.0;1.9859560347370189
5399;0.04226218363068003;-55.27624672983132;1.597510541239706;-184.82054265529595;0.0;0.0;0.0;0.0;3.317215544368319
6299;0.00013410873753934283;-114.30126048293207;0.005069310278987144;73.68329298392919;0.0;0.0;0.0;0.0;-0.6446862304136017
7199;4.255613870207136e-07;-94.23476028974392;1.6086220429382987e-05;-83.15182061090285;0.0;0.0;0.0;0.0;0.8823899444804272
8099;8.804821735528353;-53.44802421320611;381.0771733497075;-266.29909582815185;0.0;0.0;0.0;0.0;-2.571009048442399
8999;0.0785028077422237;-74.95047088461793;2.9674061326560564;-154.39378505361796;0.0;0.0;0.0;0.0;2.022470930181547
9899;0.00024910952381458656;-64.88252763508868;0.009416340000191363;-266.4726029355893;0.0;0.0;0.0;0.0;4.1068715934597995
10799;7.90488348632061e-07;-74.7649221864884;2.988045957829179e-05;42.75048531360598;0.0;0.0;0.0;0.0;-0.5717991057281138
11699;5.738272288549652;-55.75202806620958;245.8727445533365;-470.5054571458725;0.0;0.0;0.0;0.0;4.491418592739932
12599;0.7856367056759936;-43.2921571281186;30.433920407178153;-239.9567514050705;0.0;0.0;0.0;0.0;4.929192719507296
13499;0.005807520873665251;-105.18869715945904;0.21952428902454585;176.22107022091484;0.0;0.0;0.0;0.0;-1.6774647959967603
14399;1.8428751798693927e-05;-162.0297801128458;0.0006966068179906289;444.0292686739951;0.0;0.0;0.0;0.0;-2.7404222574031114
15299;0.2727798144934904;-25.857885071326724;10.821036581311912;-416.0227035318403;0.0;0.0;0.0;0.0;15.837404727592736
16199;43.138100047030164;-0.2135246550092216;2159.347425468234;-3.779386393663221;0.0;0.0;0.0;0.0;50.217573951244255
17099;1.7079603703257518;-17.658403510834688;64.39010596128063;-125.85561573684956;0.0;0.0;0.0;0.0;3.853529913502311
17999;0.0054197958884044965;-57.68898120712049;0.20432630499284923;-107.1579530243896;0.0;0.0;0.0;0.0;1.8541439554488197
18899;2.017572562139675;-21.240388589707216;80.07845566308946;-262.81937957206816;0.0;0.0;0.0;0.0;9.50645959712193
19799;0.10615897123879213;-41.21526697397524;4.002193215702463;-203.2025900263657;0.0;0.0;0.0;0.0;4.8456511583127355
20699;0.000336869616954071;-75.62954806705582;0.012699984559168482;80.7294748010724;0.0;0.0;0.0;0.0;-1.0676056712378597
21599;1.068973611015129e-06;-154.31825177209032;4.030030513527034e-05;657.6333036970107;0.0;0.0;0.0;0.0;-4.261539649399576
22499;0.00023693681158265978;-39.55579429654811;0.008932517796666267;-298.8228140757007;0.0;0.0;0.0;0.0;7.55428317797048
23399;1.3954823564987724e-06;-45.091023195561704;5.2609684840003734e-05;-196.14294356712477;0.0;0.0;0.0;0.0;4.349932273149214
24299;4.428223082931735e-09;-22.822534693390526;1.66944010226526e-07;-227.50640200157773;0.0;0.0;0.0;0.0;9.968498457126367
25199;1.4051886489921873e-11;-18.90077950139199;5.29768809119341e-10;-207.4357119182979;0.0;0.0;0.0;0.0;10.97498184678813
26099;7.096531746327243;-2.268170220585702;298.5959168670308;-40.14661290436692;0.0;0.0;0.0;0.0;53.52733066585588
26999;0.4300396951564032;-3.557962535101526;16.212496507396423;-46.3452929320114;0.0;0.0;0.0;0.0;9.633484573150032
27899;0.0014866039019877065;-28.927081940981935;0.05604496710493664;-203.96448475023496;0.0;0.0;0.0;0.0;5.9
28799;4.717375094927711e-06;-32.90567925668255;0.00017784504107877492;-212.49045800813542;0.0;0.0;0.0;0.0;5.0
29699;1.4969439913678103e-08;-92.29268049595352;5.643478847456632e-07;-305.95703035476595;0.0;0.0;0.0;0.0;3.3150736135944956
30599;4.750186847981674e-11;-100.3209189548123;1.7908204416890918e-09;-385.8862560051581;0.0;0.0;0.0;0.0;0.57
31499;1.507356001350468e-13;-138.46093941159458;5.68273212509128e-12;-133.70859582690434;0.0;0.0;0.0;0.0;0.9656773700590837
32399;4.783226823535771e-16;-132.36988818385842;1.8032765124729843e-14;-76.8946277146524;0.0;0.0;0.0;0.0;0.5809072499014859
33299;1.5178404321802057e-18;-307.3963071939991;5.722258429319355e-17;4936.9847689138705;0.0;0.0;0.0;0.0;-16.060650871118366
34199;4.8164966089941194e-21;-148.39461776161036;1.815819221590786e-19;-296.58084334159696;0.0;-75.0000000000001;0.0;-2858.6425000000386;14.12398998219665
35099;0.1076807967685569;-78.94809451852875;4.264159552034847;-424.4569865747782;0.0;0.0;0.0;0.0;5.329662887179508
35999;0.0003735695813427114;-77.25166972495306;0.014793355421171361;-458.65115059040147;0.0;0.0;0.0;0.0;5.936940608899916
36899;1.185432001686792e-06;-64.06776817912382;4.6943107266797096e-05;-371.39370354352315;0.0;0.0;0.0;0.0;2.16
37799;3.761679485712697e-09;-46.63281457135583;1.4896250763422298e-07;-387.8348970876913;0.0;0.0;0.0;0.0;8.316780801994334
38699;0.022564107471695988;-32.53503533632652;0.9010646217440442;-314.78395475722374;0.0;0.0;0.0;0.0;9.654230462091375
39599;0.0022163371460464983;-74.53863400099257;0.08850618153956347;-263.7142315105276;0.0;0.0;0.0;0.0;3.5368714192560162
40499;7.033005658563825e-06;-260.565928384596;0.00028085279204744564;2942.7285440132973;0.0;0.0;0.0;0.0;-11.293605892903264
41399;2.231752902830002e-08;-263.1523291480709;8.912178723424966e-07;1633.4664267518888;0.0;0.0;0.0;0.0;-6.207303705309472
42299;7.08192380483201e-11;-191.87694085077234;2.8280626665392248e-09;284.6426134853158;0.0;0.0;0.0;0.0;-1.4834644133169856
43199;2.2472758840751845e-13;-130.01912432711234;8.97416747809489e-12;-195.1610319738259;0.0;0.0;0.0;0.0;1.501017892435699
44099;7.131182201791108e-16;-96.46965809568408;2.8477332867396997e-14;-422.90154983878915;0.0;0.0;0.0;0.0;4.383777844628944
44999;5.7794718677008134;-8.960898921047031;263.5697492281595;-163.24542461271668;0.0;0.0;0.0;0.0;-31.534378419873534
45899;3.2255905652343215;-8.793093145398924;144.12545315860606;-111.38364229991932;0.0;0.0;0.0;0.0;-5.880879332743613
46799;10.995095415694136;-9.201643049365162;508.1077812851422;-181.45577469440886;0.0;0.0;0.0;0.0;56.0
47699;65.23261161432123;-0.4096218201164874;3582.90849151447;-10.256324540816761;0.0;0.0;0.0;0.0;55.11396771910469
48599;10.717320822642227;-9.961004774209917;491.394246055285;-105.18013944993787;0.0;0.0;0.0;0.0;49.0
49499;0.07017936393441272;-33.756518715978224;3.0528023311469514;-279.8627395776864;0.0;0.0;0.0;0.0;8.217275684178635
50399;3.813252552217242;-14.355213807269395;171.15766201405773;-254.26447645384445;0.0;0.0;0.0;0.0;7.88343007805672
51299;8.839729237774419;-11.685134825419313;444.5261935603274;-187.6758801923097;0.0;0.0;0.0;0.0;-70.0
52199;50.244738879612264;-0.17343980286331268;2552.74317999886;-4.355073449897787;0.0;0.0;0.0;0.0;50.895186534761365
53099;82.77945309621012;-0.0005503689351290379;4689.870478985607;-0.013819763961090146;0.0;0.0;0.0;0.0;56.655216543192665
53999;71.8001688516386;-1.7464616527160816e-06;3952.6735700398694;-4.385365209970081e-05;0.0;0.0;0.0;0.0;55.05103519322061
54899;186.8957999983164;-5.541970321585566e-09;12326.8702218785;-1.391588747750135e-07;0.0;0.0;0.0;0.0;65.95584396340587
55799;109.3105107543964;-0.01912108416791289;6194.600317334166;-0.23192940529014822;0.0;0.0;0.0;0.0;56.6775516956964
56699;9.875423327677186;-8.506666261545526;434.0096896590594;-154.21715251950448;0.0;0.0;0.0;0.0;47.714
57599;0.042160551618626814;-44.33725153942688;1.8339839954102688;-255.62875810941748;0.0;0.0;0.0;0.0;5.729636590742335
58499;0.00013378623312386399;-97.72619017392593;0.005819701140888068;-1176.6262442116356;0.0;0.0;0.0;0.0;11.94
59399;4.2453799787478863e-07;-102.7586054461588;1.846740290755329e-05;-1236.5088877429403;0.0;0.0;0.0;0.0;11.43
60299;3.9737301512811265;-50.48102759202767;174.53693312656395;-735.6858902122995;0.0;0.0;0.0;0.0;12.065825966358878
61199;6.7391218268170885;-25.20279531494776;280.37579077834897;-362.3420948695106;0.0;0.0;0.0;0.0;4.439328075415409
62099;0.08718160412128548;-80.97555477379841;3.957412498500931;-1009.3232729020064;0.0;0.0;0.0;0.0;12.0
62999;0.04413654048203401;-27.531844995897707;1.6790126682395845;-416.9718230212764;0.0;0.0;0.0;0.0;15.10830962961611
63899;0.07064652942601925;-6.662812717752062;2.6845681181887335;-138.67493903054685;0.0;0.0;0.0;0.0;20.629087166094386
64799;0.10561495437994599;-4.962920542133975;4.013368266437953;-90.17295213829084;0.0;0.0;0.0;0.0;17.738143568540075
65699;1.8736236809545537;-21.89737167108175;74.84657836099619;-312.13600297186366;0.0;0.0;0.0;0.0;11.850400071348488
66599;0.16138935098435764;-33.6509365192177;6.13279533740558;-519.7140624908553;0.0;0.0;0.0;0.0;15.335569172479271
67499;0.009770648327982322;-54.65904617064519;0.37128463646332815;-685.5978478905558;0.0;0.0;0.0;0.0;11.91
68399;0.049350296629727834;-41.96255362038844;1.8753112719296572;-630.6451743929772;0.0;0.0;0.0;0.0;15.00171338048567
69299;12.968333344346746;-16.009093714213083;581.0700015350882;-300.1363984477768;0.0;0.0;0.0;0.0;-58.0
70199;0.8043810158257594;-16.297012466142878;30.588655925574052;-246.7075858752165;0.0;0.0;0.0;0.0;13.949788365050065
71099;0.05771155063110472;-46.84412828324319;2.1932360468616774;-614.5237008340177;0.0;0.0;0.0;0.0;13.087782898328612
71999;0.0007630226141349824;-176.1555197938536;0.02899485933712934;-1990.6038159708287;0.0;0.0;0.0;0.0;11.03
72899;4.298548988782264;-86.24815394748785;185.9268599006229;-1305.84236042046;0.0;0.0;0.0;0.0;13.665904809231996
73799;3.947867011725905;-22.29350138827372;170.41772617525552;-344.02785454810964;0.0;0.0;0.0;0.0;9.463293817453868
74699;1.2494741086370766;-26.974651266346626;51.243368158390815;-426.48509273781116;0.0;0.0;0.0;0.0;14.586555508596938
75599;2.7755861503719235;-12.269302314337848;114.83068157450239;-217.7153813076698;0.0;0.0;0.0;0.0;10.837136686651071
76499;0.13674835052295756;-51.32350869778784;5.07336380440172;-666.3101535862194;0.0;0.0;0.0;0.0;12.91812150829253
77399;0.0004339375553716542;-94.58518914121413;0.016099083304288348;-1141.6904048198032;0.0;0.0;0.0;0.0;11.83
78299;1.3769950514235843e-06;-136.1225840121642;5.108651640781484e-05;-1595.7126133202216;0.0;0.0;0.0;0.0;11.21
79199;4.369558126908535e-09;-144.25275190553006;1.6211060650830703e-07;-1696.6237004014415;0.0;0.0;0.0;0.0;11.37
80099;74.60700501561459;-24.340990914177116;4324.3518203006815;-318.4196189068096;0.0;0.0;0.0;0.0;79.69464603479098
80999;1.9464795003567217;-3.6527329109765545;72.21438946323453;-71.38680066272319;0.0;0.0;0.0;0.0;-0.48503275970636545
81899;0.7382242445903731;-10.245350714229778;28.179506677617663;-138.14805799190373;0.0;0.0;0.0;0.0;11.56695997107705
82799;0.014302653432745472;-88.8884418321835;0.5306284423548567;-1067.8345776216263;0.0;0.0;0.0;0.0;11.42
83699;4.538598412448796e-05;-151.3274601632698;0.0016838200110185035;-1678.9454063796848;0.0;0.0;0.0;0.0;11.094775689062285
84599;1.4402135692054348e-07;-228.4684112775389;5.343192341752176e-06;-2347.3454712579646;0.0;0.0;0.0;0.0;10.27426703879416
85499;4.5701666823708444e-10;-235.27566633794518;1.695531839159582e-08;-2513.2541084599397;0.0;0.0;0.0;0.0;10.682167635805904
86399;1.4502309901284643e-12;-348.72657721455505;5.380356973376589e-11;-1815.7135404730034;0.0;0.0;0.0;0.0;5.206696762190953
87299;4.601954525732802e-15;-240.22427529175673;1.7073251290468701e-13;3521.831243317529;0.0;-124.99999999999797;0.0;-10995.884999999993;20.46428526885819
88199;1.460318087330123e-17;-323.72096479620143;5.417780103994755e-16;11714.179582934692;0.0;0.0;0.0;0.0;-36.18603938830269
89099;4.633963469780116e-20;-230.92165179407274;1.7192004472884245e-18;3237.363525476696;0.0;-124.99999999999797;0.0;-2345.786249999993;-2.5049818435675055
89999;1.470475345444533e-22;-313.6958205284065;5.4554635315992175e-21;9907.294964470964;0.0;-100.00000000000183;0.0;-1024.4999999999907;-21.471802526612656
90899;4.666195052380985e-25;-165.03829408399733;1.7311583644333394e-23;1207.257308017259;0.0;-100.00000000000183;0.0;-1024.4999999999907;-0.6895505747533472
91799;1.4807032524766636e-27;-332.3424314111295;5.493409066688429e-26;13421.929558553386;0.0;0.0;0.0;0.0;-40.38584390673117
92699;4.698650822100211e-30;-279.72400337843607;1.743199454999177e-28;7347.08340570041;0.0;-75.0000000000001;0.0;-195.0000000000013;-20.162389174634544
93599;1.4910022998258314e-32;-298.9459012864664;5.531618532353832e-31;8700.077421867041;0.0;-124.99999999999797;0.0;-2345.786249999993;-14.988448178375931
94499;4.7313323382737153e-35;-146.0957588812837;1.755324297499543e-33;93.53129234446989;0.0;-124.99999999999797;0.0;-2345.786249999993;8.307968250590859
95399;0.058892922252768286;-227.07530416512645;2.853398527369056;5341.114797160451;0.0;0.0;0.0;0.0;-23.540008259449454
96299;0.00020171339907896788;-241.77951682787935;0.009773139010018833;5918.338772717549;0.0;0.0;0.0;0.0;-24.47830801015494
97199;6.400883004921728e-07;-221.44187926100278;3.101267425942138e-05;2813.1002897428757;0.0;0.0;0.0;0.0;-12.703560583367729
98099;2.0311641878909617e-09;-242.4008255911382;9.841116183193679e-08;5987.749356216743;0.0;0.0;0.0;0.0;-24.701852156497896
98999;6.4454044152947134e-12;-280.11811975781467;3.12283832477603e-10;7574.146350441065;0.0;0.0;0.0;0.0;-27.039116059289658
99899;2.0452919721786115e-14;-201.91459325041288;9.909566172325387e-13;1599.9125626703103;0.0;0.0;0.0;0.0;-7.923709410572977
100799;6.490235494814918e-17;-151.97853299474122;3.144559260228052e-15;631.5443013672372;0.0;0.0;0.0;0.0;-4.1554835997074
101699;2.0595180224213534e-19;-269.5556631434076;9.978492266090435e-18;3687.841978720853;0.0;0.0;0.0;0.0;-13.681189019422925
102599;6.535378397389445e-22;-246.71289784110667;3.1664312758795197e-20;726.9396223995311;0.0;0.0;0.0;0.0;-2.9465002793153943
103499;2.073843022109094e-24;-207.96615139399083;1.0047897776039747e-22;374.112566241385;0.0;0.0;0.0;0.0;-1.7989108503173223
104399;6.58083529190684e-27;-223.19330160927888;3.1884554225703577e-25;475.3540322790933;0.0;0.0;0.0;0.0;-2.1297862832427015
105299;2.0882676594857588e-29;-173.04463570810114;1.0117786036757606e-27;99.86705891158125;0.0;0.0;0.0;0.0;-0.5771173345127043
106199;6.626608362341459e-32;-105.6506427870241;3.210632758449648e-30;-176.71509207725896;0.0;0.0;0.0;0.0;1.6726362227013627
107099;2.1027926275823736e-34;-118.03716129931989;1.0188160406022352e-32;-231.56793826436115;0.0;0.0;0.0;0.0;1.961822325404359
107999;0.002063181117062713;-66.31322329617734;0.09077996915075952;-240.28460037772882;0.0;0.0;0.0;0.0;3.622223167138142
108899;9.012415416224294e-06;-246.15584196875167;0.0003965462783138695;2685.4835255943485;0.0;0.0;0.0;0.0;-10.909690377383763
109799;2.8598703375386895e-08;-228.05725779854836;1.258342948517024e-06;857.3077914873465;0.0;0.0;0.0;0.0;-3.7591778535304923
110699;9.075101368285747e-11;-171.25779062708054;3.993044602045718e-09;181.6055987509385;0.0;-50.00000000000092;0.0;-241.24999999999545;0.26956972261200923
111599;2.879762196335852e-13;-169.75734745811752;1.2670953663877757e-11;208.73979886956255;0.0;0.0;0.0;0.0;-1.2296363132151071
112499;9.1382233331589e-16;-366.06252823098384;4.020818266589906e-14;20349.40509490648;0.0;0.0;0.0;0.0;-55.589970361746765
113399;2.899792413170162e-18;-320.1628095452122;1.2759086617948746e-16;3197.6114462411583;0.0;-50.00000000000092;0.0;-241.24999999999545;-7.98665173811866
114299;38.78294646264493;-35.38345427969053;2271.029376818199;0.5338692030294161;0.0;-225.0;0.0;-15865.500000000215;61.344339360459415
115199;9.637021501597376;-89.52204538618756;641.2062393908717;243.953070425956;0.0;0.0;0.0;0.0;-11.08041616280439
116099;0.03049938973068958;-214.50410588477862;2.0292990930538544;-2628.464154584134;0.0;0.0;0.0;0.0;12.245958364819696
116999;9.678237850289134e-05;-102.20367783297628;0.006439485991481574;-1863.7523060368899;0.0;0.0;0.0;0.0;12.143
117899;3.071152856298522e-07;-75.75455519806266;2.0434139046543567e-05;-1495.6078850875635;0.0;0.0;0.0;0.0;15.0
118799;0.0018413582968094025;-34.373257447404136;0.10306082387242246;-847.6366105036162;0.0;0.0;0.0;0.0;24.658092278843768
119699;6.400084865884593e-06;-141.24223460543786;0.0003582127499435615;-1997.5094322288933;0.0;0.0;0.0;0.0;13.0
120599;2.030910917923693e-08;-93.8598585568843;1.136700840761889e-06;-1790.1602978215635;0.0;0.0;0.0;0.0;19.072693317423607
121499;6.444600724792957e-11;-90.74578801591569;3.607043025666611e-09;-1658.1974130251783;0.0;0.0;0.0;0.0;18.272995907335353
122399;2.0450369405893628e-13;-61.12558358041503;1.1446071756478615e-11;-1240.1249538958905;0.0;0.0;0.0;0.0;20.288149106411574
123299;6.489426214235245e-16;-84.66191789123498;3.6321318521074567e-14;-1608.630159742136;0.0;0.0;0.0;0.0;19.00063452151817
124199;2.0592612169571415e-18;-115.17596800148594;1.1525685031309137e-16;-1800.5081591683202;0.0;0.0;0.0;0.0;15.632672252818322
125099;6.534563487849996e-21;-149.2705190478231;3.6573951841496423e-19;-2213.722010879503;0.0;0.0;0.0;0.0;11.895
125999;2.073584430431736e-23;-251.69681044852754;1.1605852057126458e-21;-2308.531531201054;0.0;0.0;0.0;0.0;1.65
126899;6.58001471425537e-26;-246.64193015532982;3.682834235568732e-24;-2549.7796130715797;0.0;0.0;0.0;0.0;2.54
127799;2.0880072691712163e-28;-158.78388549567376;1.1686576685551288e-26;-2450.633323062884;0.0;0.0;0.0;0.0;12.0
128699;6.625782077153297e-31;-98.87633311188476;3.708450228582711e-29;-1738.9114838406688;0.0;0.0;0.0;0.0;17.58673111262107
129599;2.1025304261201947e-33;-254.44946220102642;1.1767862794994698e-31;-2079.3201264519535;0.0;0.0;0.0;0.0;8.0
130499;6.671867775434651e-36;-207.86700870054415;3.7342443939107705e-34;-2740.333503834498;0.0;0.0;0.0;0.0;13.183109339790699
131399;2.1171545990430525e-38;-285.45555579178875;1.1849714290843911e-36;-2975.9663039407146;0.0;0.0;0.0;0.0;10.0
132299;6.718274023284514e-41;-135.73755794522444;3.760217970832344e-39;-2285.538565108762;0.0;-124.99999999999797;0.0;3480.7189999999996;-4.583844553542721
133199;2.1318804905574862e-43;-161.41402858404263;1.193213510565027e-41;-2213.020553526622;0.0;-25.00000000000046;0.0;1280.0750000000094;5.004696055404448
134099;6.765003050288902e-46;-118.15512983951977;3.7863722072466943e-44;-2140.2491689124586;0.0;0.0;0.0;0.0;18.113891219275708
134999;2.1467088081682418e-48;-144.51930404299526;1.2015129199317645e-46;-2018.1568299582775;0.0;0.0;0.0;0.0;13.964617691196915
135899;6.812057101541592e-51;-116.83304954347622;3.8127083597328234e-49;-2082.025136560366;0.0;0.0;0.0;0.0;17.820515211199698
136799;0.9680921403202472;-66.33364090398851;48.79510967247179;-1214.6913136924882;0.0;0.0;0.0;0.0;17.836554975394765
137699;0.007486527384102331;-348.06601080074034;0.3630217128551233;-2750.632871958256;0.0;0.0;0.0;0.0;5.961
138599;0.6953899488016415;-157.60015317841166;43.07573225434332;-2542.7624048423627;0.0;-100.00000000000183;0.0;3146.469000000015;-2.517595700761398
139499;36.925027463630904;-6.265155743023677;2482.1926846317665;-183.52350113612673;0.0;-75.0000000000001;0.0;2796.218999999981;-77.857
140399;2.832843894955327;-3.1721253338535678;138.6175916892761;-92.50833590236327;0.0;0.0;0.0;0.0;-74.37
141299;0.0553313853107391;-137.90333198002617;2.683018873717737;-1947.4279453420488;0.0;0.0;0.0;0.0;14.10789360801861
142199;0.00017558066092729892;-125.20392262176182;0.0085139062483647;-2016.1894383533684;0.0;0.0;0.0;0.0;16.1031995614737
143099;5.571624263207628e-07;-169.82131820394986;2.7016806052293912e-05;-2422.702646598569;0.0;0.0;0.0;0.0;10.667
143999;1.7680191409700791e-09;-176.14347192836374;8.573124814563912e-08;-2493.36736046512;0.0;0.0;0.0;0.0;12.0
144899;5.6103777555110614e-12;-193.41676415136098;2.7204721736473133e-10;-3321.78279137911;0.0;0.0;0.0;0.0;13.273
145799;1.780316617062348e-14;-59.98077829865695;8.632755276135333e-13;-1761.6628202881172;0.0;0.0;0.0;0.0;29.370456173749965
146699;36.688281331396645;-10.95458864105611;2872.9602531239657;-374.5398348674404;0.0;0.0;0.0;0.0;89.28
147599;67.51765324115708;-0.07399529189344778;4742.209644948235;-2.745225329246914;0.0;0.0;0.0;0.0;70.27294431723118
148499;8.940832242844786;-23.893446654434943;584.3411920278827;-741.9672346303894;0.0;0.0;0.0;0.0;10.541704498199772
149399;3.784290961832938;-2.2819807787498627;234.63853058440276;-84.34269320692601;0.0;0.0;0.0;0.0;79.0
150299;13.850434487589464;-0.3813240245638435;860.0752326346907;-14.12334158328479;0.0;0.0;0.0;0.0;62.80681217766005
151199;87.75015904896833;-0.011320558355779395;6668.323712018605;-0.41999271499941554;0.0;0.0;0.0;0.0;75.99717336145298
152099;25.191239885751227;-8.001926574784278;1631.9543221304693;-266.07958910548996;0.0;0.0;0.0;0.0;79.46069213559207
152999;0.10276499603705974;-24.52123197313688;4.983074657837004;-783.9637158138964;0.0;0.0;0.0;0.0;31.901291833209868
153899;0.16774591407219422;-9.569136893677811;8.212479558496634;-339.41615770531496;0.0;0.0;0.0;0.0;35.22922074672743
154799;6.734241074318434;-0.6004160712538331;419.44092363331447;-22.22773243591191;0.0;0.0;0.0;0.0;64.75782908689858
155699;43.17720726008747;-0.0314484753423627;3110.7813225731106;-1.1667384352016539;0.0;0.0;0.0;0.0;72.0723118963286
156599;14.270873805156196;-1.1586792651933175;834.6881726523204;-34.48030286189518;0.0;0.0;0.0;0.0;61.02776063545886
157499;0.05639345247133186;-44.9714956971577;2.7345185103348846;-1054.9791040085165;0.0;0.0;0.0;0.0;23.427411558940985
158399;0.0001789508744765397;-92.32356178482426;0.008677327903367452;-2170.116463840267;0.0;0.0;0.0;0.0;23.505505538238967
159299;13.615855306648143;-36.34017715915211;839.9192207608623;-1102.7014318920926;0.0;0.0;0.0;0.0;11.563918731518696
160199;0.5778587194455175;-48.693701918210856;32.608383445578376;-1296.9577689116522;0.0;0.0;0.0;0.0;26.277194815917046
161099;0.0033334320638791033;-86.15385675124517;0.18657219261531394;-2228.113252413334;0.0;0.0;0.0;0.0;25.860860670183232
161999;1.057783406713194e-05;-99.24863855294848;0.000592041372737375;-2530.440296285523;0.0;0.0;0.0;0.0;25.49596660297039
162899;32.69095956655323;-27.97902679357602;2138.1932076628104;-850.4213987565627;0.0;0.0;0.0;0.0;83.571
163799;1.776477046676354;-1.371366479177756;100.53415306178965;-44.929936294801635;0.0;0.0;0.0;0.0;68.099
164699;0.6357691635084842;-1.8805052851125552;36.08791038875499;-62.063034743332395;0.0;0.0;0.0;0.0;20.867976676939115
165599;3.2324208396314713;-9.014959107111144;193.17579321005394;-259.0269561589321;0.0;0.0;0.0;0.0;11.387933793575993
166499;124.58913761769577;-7.377967081227098;9147.682274455841;-242.30648616326062;0.0;0.0;0.0;0.0;75.97719353482434
167399;76.20736562973383;-0.042081713435241336;5172.003271809787;-1.3903415767829614;0.0;0.0;0.0;0.0;67.88674136520282
168299;60.535700952219905;-0.2006253570856137;4316.413715175157;-6.642702268386075;0.0;0.0;0.0;0.0;71.43060600150025
169199;138.16315282382402;-0.0007858797766327039;9934.055658299458;-0.026020479404308888;0.0;0.0;0.0;0.0;71.90112515836609
170099;124.59587568108638;-2.4937978979723765e-06;9084.526186583471;-8.256964840186543e-05;0.0;0.0;0.0;0.0;72.91193417263713
170999;149.35525101104017;-7.91345971845519e-09;10852.852502871687;-2.620146512780506e-07;0.0;0.0;0.0;0.0;72.66468657591739
171899;59.793126858727746;-2.5111435359910012e-11;4054.617734770772;-8.314396247666196e-10;0.0;0.0;0.0;0.0;67.81076601582357
172799;15.819009769843925;-2.3259471805565304;985.826659421697;-74.41219582428201;0.0;0.0;0.0;0.0;67.54689364007088
173699;94.7426482477122;-2.80806486007286;6447.888168512356;-96.64060600834844;0.0;0.0;0.0;0.0;69.08442208003672
174599;174.57897662562362;-0.009550888807249386;12341.579308158029;-0.3307250027801787;0.0;0.0;0.0;0.0;70.69536106374726
175499;213.26178846419532;-3.0307417418654613e-05;15175.157317801459;-0.0010494751758010773;0.0;0.0;0.0;0.0;71.15741893664017
176399;45.074996883919226;-1.97779800266456;2674.9839115107966;-68.32358738659538;0.0;0.0;0.0;0.0;60.48328874705544
177299;31.054348484909518;-0.308665058043339;1954.6345563915838;-10.803277031516865;0.0;0.0;0.0;0.0;63.22290034579323
178199;79.73662073949976;-0.000979473312961193;5233.751247376944;-0.03428156595364183;0.0;0.0;0.0;0.0;65.63836300430475
179099;79.36070672396542;-2.0567819845132753;5096.192203796193;-57.465403296416376;0.0;0.0;0.0;0.0;65.18073716803485
179999;3.3465919376863575;-13.271753377597282;160.10095829891512;-445.5700909284235;0.0;0.0;0.0;0.0;28.762165165554265
180899;41.815388162091324;-0.1320491804754756;2619.110479339292;-4.62172131664165;0.0;0.0;0.0;0.0;62.72263263688528
181799;5.958689307543187;-20.711141425615477;306.50034191384094;-638.3090010982223;0.0;0.0;0.0;0.0;22.491763167826434
182699;55.267604081557415;-9.756338204401503;3702.0385770067383;-336.01544383027516;0.0;0.0;0.0;0.0;73.96021772415732
183599;23.456028341340573;-0.0826203081479239;1275.4955180756253;-2.8914595057009818;0.0;0.0;0.0;0.0;54.44666249623056
184499;71.56397761533857;-0.059246005751542166;4691.097554381769;-2.0736102013039788;0.0;0.0;0.0;0.0;65.57641485576575
185399;12.569377674455586;-0.24658035628109246;632.0772918004362;-8.630312469838227;0.0;0.0;0.0;0.0;50.59297521765584
186299;0.30590814780153;-3.5282232382505776;14.634645790825207;-117.91395092304407;0.0;0.0;0.0;0.0;32.05127438913068
187199;0.004751786632237106;-67.95947335145063;0.22732547248622295;-1908.7910018806253;0.0;0.0;0.0;0.0;28.085814090013777
188099;1.5078636538861406e-05;-28.334934606327618;0.0007213619720191308;-922.1210499091555;0.0;0.0;0.0;0.0;32.543601461299936
188999;4.784837735107758e-08;-82.0538999251762;2.289066372475548e-06;-2227.0746286136746;0.0;0.0;0.0;0.0;27.14160606204127
189899;1.5183516156985274e-10;-109.27394572242676;7.263794129501754e-09;-2892.4776703528355;0.0;0.0;0.0;0.0;26.469966387934274
190799;0.07506335020713312;-76.30506857237884;4.985848610470064;-2223.247285730259;0.0;0.0;0.0;0.0;29.099583958504066
191699;2.9135021366972333;-76.6069658879119;166.85472901744743;-2170.614730436039;0.0;0.0;0.0;0.0;27.19047116828681
192599;0.06588339378901745;-109.22081138994506;3.724625736600444;-2740.583291335793;0.0;0.0;0.0;0.0;22.333
193499;0.0002090648898567184;-86.76241233192054;0.011819191826600699;-2477.7606167961044;0.0;0.0;0.0;0.0;28.557928502327613
194399;0.022570641741160524;-12.572809333283011;1.2450984914633116;-428.73173123563777;0.0;0.0;0.0;0.0;34.06203206575475
195299;0.1171760174165334;-70.18671635252046;6.456976970121266;-1916.2655178716798;0.0;0.0;0.0;0.0;27.25590223323856
196199;0.0004279219198413674;-101.63239819011083;0.023535705591275224;-2682.625120841178;0.0;0.0;0.0;0.0;26.395253167449354
197099;1.3579058984940175e-06;-91.32158756413408;7.468482441717102e-05;-2500.075258060686;0.0;0.0;0.0;0.0;27.376607078747337
197999;6.225223490043327;-24.16183021484202;391.56971808054254;-777.5788543225306;0.0;0.0;0.0;0.0;21.520744818935103
198899;2.1043517731281733;-307.91065075964156;122.27842235701242;-4159.28195587291;0.0;0.0;0.0;0.0;13.201178480937493
199799;0.006677650466882748;-394.19970205281504;0.3880209452472827;-5910.9337020567355;0.0;0.0;0.0;0.0;14.994039252908403
200699;16.77747422541333;-67.98057387744244;1141.4099958755235;-2081.4343332786;0.0;-274.9999999999945;0.0;-35207.55154639207;110.8130974915796
201599;14.756336297127632;-66.43225027464153;1087.3118017578872;-1887.2265445928927;0.0;0.0;0.0;0.0;15.479450313797601
202499;23.772582697141644;-25.2827687807548;1640.379211716477;-842.2213737527853;0.0;0.0;0.0;0.0;-80.0
203399;12.42754187743095;-9.059029446847882;873.6919064600085;-306.6939049301141;0.0;0.0;0.0;0.0;78.111
204299;17.230366627613687;-0.3196211164991198;1205.5707921140174;-11.030483406755982;0.0;0.0;0.0;0.0;70.63794484531455
205199;8.599956676705364;-8.121882528028324;578.7590477607142;-258.1033183654686;0.0;0.0;0.0;0.0;78.105
206099;57.725249916752105;-27.100196515092936;4297.837766265368;-887.6561333856783;0.0;0.0;0.0;0.0;81.667
206999;101.79440391771462;-0.2566790993324401;7872.171029779993;-8.983768476635396;0.0;0.0;0.0;0.0;77.4410424831562
207899;107.77228670456292;-0.0008135536234767072;8272.614982682548;-0.028474376821684723;0.0;0.0;0.0;0.0;76.76044751396824
208799;107.07571713564356;-2.581614104904308e-06;8214.863783560313;-9.035649367165099e-05;0.0;0.0;0.0;0.0;76.72013889815017
209699;93.55623048248046;-8.192123044279798e-09;7106.622067228259;-2.8672430654979354e-07;0.0;0.0;0.0;0.0;75.96097054054157
210599;47.12827470928173;-2.599570549491844e-11;3503.6139033344984;-9.098496923221457e-10;0.0;0.0;0.0;0.0;74.34207861306449
211499;116.31907751658511;-8.249103443952779e-14;8994.176851846327;-2.887186205383474e-12;0.0;0.0;0.0;0.0;77.32331655195523
212399;120.38750564729713;-2.6176518903222326e-16;9191.293983538388;-9.161781616127802e-15;0.0;0.0;0.0;0.0;76.34757389580274
213299;156.9962955954419;-8.306480171406639e-19;12221.915403795763;-2.907268059992319e-17;0.0;0.0;0.0;0.0;77.84843175720513
214199;142.0051833337683;-2.635858996112655e-21;10975.492472494348;-9.225506486394282e-20;0.0;0.0;0.0;0.0;77.28937926651314
215099;160.52526769500562;-8.364255983303537e-24;12486.427373832246;-2.927489594156236e-22;0.0;0.0;0.0;0.0;77.7848095388707
215999;228.32185499539716;-2.6541927416226267e-26;18034.064538238017;-9.28967459567919e-25;0.0;0.0;0.0;0.0;78.98527514416688
216899;233.02403648320131;-8.422433655479592e-29;18488.233475870922;-2.947851779417856e-27;0.0;0.0;0.0;0.0;79.34045669663669
217799;92.91010383897145;-2.6726540076960673e-31;7182.091162445115;-9.354289026936228e-30;0.0;0.0;0.0;0.0;77.30150829335918
218699;117.86760229766543;-0.1726230099622294;9245.761677498956;-6.033542879024974;0.0;0.0;0.0;0.0;78.5057118879607
219599;37.26341258316711;-0.4276432660790305;2652.843735170937;-14.92327485874852;0.0;0.0;0.0;0.0;71.61301390516799
220499;62.5696891178069;-0.34335068009352077;4833.308558927747;-12.008436298997486;0.0;0.0;0.0;0.0;77.48005496827875
221399;15.639820043700405;-0.7741936666617543;1066.3336302199627;-26.032959134843825;0.0;0.0;0.0;0.0;69.9802783078122
222299;0.5076399800124315;-6.158965907047295;32.58741319277049;-211.16208339257796;0.0;0.0;0.0;0.0;31.598720814444686
223199;0.050867605181094795;-11.93242637984032;3.255526731590067;-377.8051625121545;0.0;0.0;0.0;0.0;31.52361090696257
224099;4.0328546193861365;-21.143985751495826;281.11191686716506;-714.2609604832589;0.0;0.0;0.0;0.0;25.31387552768345
224999;18.624392900348013;-0.4338846056517657;1305.8259336573678;-15.096990637947519;0.0;0.0;0.0;0.0;70.95617792031432
225899;0.8702901193047483;-0.8937795250101795;55.76487978894203;-31.1004618638942;0.0;0.0;0.0;0.0;-67.4
226799;0.38073329453680593;-7.241484980876732;24.37074720811217;-229.64536041533228;0.0;0.0;0.0;0.0;29.920134497205513
227699;21.893112823153466;-19.434938113166236;1657.8457290731997;-648.3800125289913;0.0;0.0;0.0;0.0;79.744
228599;26.542184509282144;-0.07160326598880161;1859.4147566298375;-2.47085306388806;0.0;0.0;0.0;0.0;70.15123266461818
229499;2.3554124970615287;-0.08143953776090415;150.81695934763988;-2.8503795725684187;0.0;0.0;0.0;0.0;65.06963030052019
230399;0.4400380927622625;-0.02226417158469271;28.162504140237385;-0.7792460054642456;0.0;0.0;0.0;0.0;65.0
231299;1.417905613629294;-27.984316346346443;103.1873043423672;-1003.1817345969052;0.0;0.0;0.0;0.0;33.87715560484707
232199;7.261105454539723;-4.624354370872435;495.09690542683416;-181.59563965902575;0.0;0.0;0.0;0.0;81.911
233099;1.3287013481478938;-7.1234082605652365;87.14369727097743;-272.81707342048327;0.0;0.0;0.0;0.0;32.04189253327561
233999;5.248220608452412;-5.753283260886811;367.42398633910307;-222.29227252007217;0.0;0.0;0.0;0.0;-82.297
234899;0.6876229788016224;-28.63787046454404;44.00787064330383;-1020.7509648586237;0.0;0.0;0.0;0.0;34.94577623019482
235799;0.4216642025735365;-5.617700072181896;26.994799947123802;-220.05511167529397;0.0;0.0;0.0;0.0;37.15530773322427
236699;1.7093063624295288;-6.624165040497213;136.13838820998762;-256.0490223435225;0.0;0.0;0.0;0.0;24.3975751873864
237599;98.52214459627773;-0.21689054811599442;8096.124497556309;-8.914201527567384;0.0;0.0;0.0;0.0;82.26630788285897
238499;160.13396129983113;-0.000688250489830939;13356.95958747785;-0.028287095132051576;0.0;0.0;0.0;0.0;83.41134260252767
239399;153.66696010850072;-2.1839951553060864e-06;12822.134888926292;-8.976220088308011e-05;0.0;0.0;0.0;0.0;83.4410661364392
240299;114.82570323007941;-6.930376234925916e-09;9405.079292676193;-2.848384632554548e-07;0.0;0.0;0.0;0.0;81.90743908716838
241199;49.51654168614529;-0.5383152979132584;3883.0584920697875;-21.32674005597912;0.0;0.0;0.0;0.0;78.84588799527589
242099;13.365565668665685;-1.091521741985617;971.0232340193711;-44.635254388485244;0.0;0.0;0.0;0.0;75.47536778951866
242999;3.000275789161091;-0.7536165442562518;202.0048930579056;-28.025120950496664;0.0;0.0;0.0;0.0;77.43932352090097
243899;0.6112960474969226;-38.56739412941851;39.53455926836029;-1229.9952461666119;0.0;0.0;0.0;0.0;31.364148241182505
244799;0.004568750634941149;-109.40667457881266;0.29240004063623354;-3520.0177754185556;0.0;0.0;0.0;0.0;32.172373179962825
245699;28.307433001306972;-15.447100382226514;2062.4104302904066;-517.4806228409343;0.0;0.0;0.0;0.0;82.039
246599;26.134001020007837;-20.22522793427956;1884.871402614993;-605.9806736273614;0.0;0.0;0.0;0.0;81.63
247499;4.829543115782773;-26.399126038746047;316.3140616850296;-882.045571582249;0.0;0.0;0.0;0.0;26.22820811685393
248399;0.12333589569104095;-48.51105914146821;7.646825532844542;-1456.6380089668412;0.0;0.0;0.0;0.0;29.94543008510844
249299;99.90875338896637;-11.594467019175497;7968.206210126529;-396.19391525176275;0.0;0.0;0.0;0.0;85.7393815443305
250199;125.23861282358645;-0.036992763868378895;9929.326409826459;-1.2686393187083782;0.0;0.0;0.0;0.0;79.29655994684664
251099;31.965243316674975;-0.0001173875184451624;2292.5321924847244;-0.004025717622911517;0.0;0.0;0.0;0.0;71.71966635914313
251999;13.287978381546164;-0.15255135772298112;913.1000380153182;-5.293221062787832;0.0;0.0;0.0;0.0;69.11132887465924
252899;78.10270407960309;-0.49422622231462465;6158.663553153386;-17.04089106205844;0.0;0.0;0.0;0.0;79.13597627033666
253799;69.63906536566056;-0.011740916225444988;5283.968569227439;-0.4101076954911788;0.0;0.0;0.0;0.0;75.88340501822648
254699;30.258005955575772;-0.04411813225384128;2210.1183315558014;-1.5441346288844433;0.0;0.0;0.0;0.0;73.09798096298388
255599;63.93947004736331;-0.0012963279226845025;4878.50981067167;-0.04344991330176861;0.0;0.0;0.0;0.0;76.29974515951889
256499;71.582620956759;-1.3584420047435206;5600.621164993577;-47.30557037267547;0.0;0.0;0.0;0.0;79.07982232751355
257399;30.09707518624209;-0.18869018673708285;2120.2177592098155;-6.604156535797896;0.0;0.0;0.0;0.0;70.66959993690729
258299;14.578756328145506;-1.6751925371569458;1006.9239775453929;-56.629977011852276;0.0;0.0;0.0;0.0;73.6458559764083
259199;25.58999887346748;-4.387662701205076;1820.020594107518;-150.64667416954765;0.0;0.0;0.0;0.0;78.73537644035191
260099;0.7433347165861257;-1.6867644061361884;50.582571656688586;-59.03675421476647;0.0;0.0;0.0;0.0;8.961115652518655
260999;0.002376747187796855;-0.005343016977561792;0.16173331105629624;-0.1870055942146622;0.0;0.0;0.0;0.0;8.519886911692101
261899;7.542027823054334e-06;-1.6954761916085915e-05;0.0005132212370605493;-0.0005934166670630084;0.0;0.0;0.0;0.0;8.519886911692243
262799;2.3932786783458027e-08;-5.3801803894386755e-08;1.6285824883550296e-06;-1.8830631363035371e-06;0.0;0.0;0.0;0.0;8.51988691169205
263699;7.594486478445529e-11;-1.7072690944387448e-10;5.167909528778418e-09;-5.97544183053562e-09;0.0;0.0;0.0;0.0;8.5198869116921
264599;2.4099251538545084e-13;-5.41760229182539e-13;1.6399101113149468e-11;-1.896160802138885e-11;0.0;0.0;0.0;0.0;8.519886911692153
265499;7.647310010576801e-16;-1.719144022930982e-15;5.203854978917756e-14;-6.017004080258444e-14;0.0;0.0;0.0;0.0;8.519886911692126
266399;2.426687414102112e-18;-5.455284482655383e-18;1.651316523677829e-16;-1.9093495689293825e-16;0.0;0.0;0.0;0.0;8.519886911691861
267299;7.700500957352213e-21;-1.7311015476156724e-20;5.240050448020977e-19;-6.058855416654855e-19;0.0;0.0;0.0;0.0;8.519886911691932
268199;2.4435662644306018e-23;-5.493228772367735e-23;1.662802273464203e-21;-1.9226300703287066e-21;0.0;0.0;0.0;0.0;8.519886911691662
269099;7.754061874328261e-26;-1.743142242991517e-25;5.276497675097643e-24;-6.1009978504703096e-24;0.0;0.0;0.0;0.0;8.519886911691723
269999;2.4605625157835203e-28;-5.531436983994037e-28;1.6743679125063594e-26;-1.9360029443979138e-26;0.0;0.0;0.0;0.0;8.519886911691845
270899;7.80799533483661e-31;-1.755266687553163e-30;5.313198411253035e-29;-6.143433406436076e-29;0.0;0.0;0.0;0.0;8.519886911691907
271799;2.4776769847449695e-33;-5.569910953246023e-33;1.6860139964748896e-31;-1.9494688336361046e-31;0.0;0.0;0.0;0.0;8.519886911691986
272699;7.862303930107801e-36;-1.76747546381895e-35;5.350154419772253e-34;-6.186164123366345e-34;0.0;0.0;0.0;0.0;8.5198869116921
273599;2.4949104935787796e-38;-5.60865252860362e-38;1.6977410849053345e-36;-1.963028385011265e-36;0.0;0.0;0.0;0.0;8.519886911691904
274499;7.916990269395748e-41;-1.7797691583589681e-40;5.387367476205007e-39;-6.22919205425639e-39;0.0;0.0;0.0;0.0;8.519886911691946
275399;2.5122638702680833e-43;-5.647663571404056e-43;1.7095497412251115e-41;-1.9766822499914214e-41;0.0;0.0;0.0;0.0;8.519886911691875
276299;7.97205698010296e-46;-1.7921483618231728e-45;5.424839368450782e-44;-6.272519266381103e-44;0.0;0.0;0.0;0.0;8.519886911691911
277199;2.5297379485550084e-48;-5.686945955930934e-48;1.721440532780529e-46;-1.9904310845758276e-46;0.0;0.0;0.0;0.0;8.519886911691536
278099;8.027506707906964e-51;-1.8046136689697987e-50;5.462571896844876e-49;-6.316147841394292e-49;0.0;0.0;0.0;0.0;8.519886911691517
278999;2.5473335679808253e-53;-5.726501569504611e-53;1.7334140308641075e-51;-2.0042755493266123e-51;0.0;0.0;0.0;0.0;8.51988691169136
279899;8.083342116887227e-56;-1.8171656786939555e-55;5.500566874244746e-54;-6.360079875428831e-54;0.0;0.0;0.0;0.0;8.519886911691934
280799;2.5650515739262074e-58;-5.7663323125726516e-58;1.7454708107419736e-56;-2.0182163094004254e-56;0.0;0.0;0.0;0.0;8.51988691169189
281699;8.139565889653335e-61;-1.829804994056327e-60;5.538826126117366e-59;-6.40431747919712e-59;0.0;0.0;0.0;0.0;8.519886911691598
282599;2.5828928176519394e-63;-5.806440098801168e-63;1.757611451681576e-61;-2.0322540345804032e-61;0.0;0.0;0.0;0.0;8.519886911691712
283499;8.196180727473782e-66;-1.8425322223122198e-65;5.5773514906265944e-64;-6.448862778092746e-64;0.0;0.0;0.0;0.0;8.519886911691477
284399;2.6008581563396887e-68;-5.846826855166828e-68;1.7698365369793981e-66;-2.0463893993083945e-66;0.0;0.0;0.0;0.0;8.519886911692117
285299;8.253189350405712e-71;-1.8553479749407112e-70;5.61614481872174e-69;-6.493717912292503e-69;0.0;0.0;0.0;0.0;8.519886911691756
286199;2.6189484531333135e-73;-5.887494522049421e-73;1.7821466539890968e-71;-2.060623082717292e-71;0.0;0.0;0.0;0.0;8.519886911691648
287099;8.310594497425687e-76;-1.8682528676740265e-75;5.655207974226368e-74;-6.538885036859072e-74;0.0;0.0;0.0;0.0;8.519886911691735
287999;2.637164577180261e-78;-5.928445053325062e-78;1.7945423941496462e-76;-2.0749557686637682e-76;0.0;0.0;0.0;0.0;8.519886911691604
288899;8.368398926561315e-81;-1.8812475205271156e-80;5.694542833928002e-79;-6.584366321844894e-79;0.0;0.0;0.0;0.0;8.519886911691644
289799;2.655507403673331e-83;-5.9696804164600975e-83;1.8070243530137947e-81;-2.0893881457610354e-81;0.0;0.0;0.0;0.0;8.519886911691778
290699;8.426605415023567e-86;-1.894332557827468e-85;5.734151287668042e-84;-6.630163952396144e-84;0.0;0.0;0.0;0.0;8.519886911691966
291599;2.6739778138927664e-88;-6.011202592605566e-88;1.8195931302766604e-86;-2.1039209074119406e-86;0.0;0.0;0.0;0.0;8.519886911691582
292499;8.485216759340433e-91;-1.9075086082450586e-90;5.774035238432753e-89;-6.676280128857695e-89;0.0;0.0;0.0;0.0;8.519886911691943
293399;2.6925766952485006e-93;-6.053013576692407e-93;1.8322493298045267e-91;-2.1185547518423425e-91;0.0;0.0;0.0;0.0;8.519886911692165
294299;81.28155290515724;-1.92077630482261e-95;6180.415598443548;-6.722717066879122e-94;0.0;0.0;0.0;0.0;76.03712499999993
295199;140.58163404110297;-6.095115377527383e-98;10881.135626143086;-2.133290382134581e-96;0.0;0.0;0.0;0.0;77.40083333333344
296099;129.6498528939472;-1.9341362850059607e-100;9937.064834997745;-6.769476997520856e-99;0.0;0.0;0.0;0.0;76.64540000000002
296999;23.41275003887176;-6.137510017889475e-103;1794.479591829345;-2.148128506261321e-101;0.0;0.0;0.0;0.0;76.64540000000015
297899;0.07397463319233671;-1.9475891906747244e-105;5.669815350879921;-6.816562167361539e-104;0.0;0.0;0.0;0.0;76.64539999999997
298799;0.00023474046570935825;-6.180199534627186e-108;0.017991776890480114;-2.1630698371195102e-106;0.0;0.0;0.0;0.0;76.6454000000003
299699;7.448916454668545e-07;-1.961135668173118e-110;5.709251812346519e-05;-6.863974838605891e-109;0.0;0.0;0.0;0.0;76.64539999999991
300599;2.363732055355614e-09;-6.223185978756274e-113;1.8116918887555307e-07;-2.1781150925646993e-111;0.0;0.0;0.0;0.0;76.64539999999995
301499;7.500727472938581e-12;-1.97477636834099e-115;5.748962574543674e-10;-6.91171728919347e-114;0.0;0.0;0.0;0.0;76.6454000000001
302399;2.3801730190113094e-14;-6.266471415558446e-118;1.8242931311132988e-12;-2.1932649954454566e-116;0.0;0.0;0.0;0.0;76.6454000000002
303299;7.552898863301759e-17;-1.988511946545143e-120;5.7889495453730945e-15;-6.959791812908e-119;0.0;0.0;0.0;0.0;76.64540000000011
304199;2.3967283379659985e-19;-6.310057924680394e-123;1.8369820215473922e-17;-2.2085202736381413e-121;0.0;0.0;0.0;0.0;76.64540000000004
305099;7.605433132329967e-22;-2.002343062710785e-125;5.829214646006843e-20;-7.0082007194877625e-124;0.0;0.0;0.0;0.0;76.64540000000014
305999;2.413398807619188e-24;-6.353947600233922e-128;1.849759169694957e-22;-2.223881660081875e-126;0.0;0.0;0.0;0.0;76.6454
306899;7.658332804029696e-27;-2.0162703813532225e-130;5.86975981097977e-25;-7.056946334736262e-129;0.0;0.0;0.0;0.0;76.64539999999991
307799;40.64077645257862;-6.398142550896369e-133;2986.8633847999267;-2.239349892813731e-131;0.0;0.0;0.0;0.0;73.49425000000001
308699;49.97042879426214;-2.0302945716098048e-135;3672.539186412705;-7.106031000634301e-134;0.0;0.0;0.0;0.0;73.4942500000001
309599;49.99990616298717;-6.442644900012e-138;3674.7056035191226;-2.2549257150042048e-136;0.0;0.0;0.0;0.0;73.49425000000005
310499;49.999999702231136;-2.0444163072720829e-140;3674.712478115698;-7.155457075452296e-139;0.0;0.0;0.0;0.0;73.49424999999995
311399;9.359223546476498;-6.4874567856941e-143;687.8491151306293;-2.2706098749929338e-141;0.0;0.0;0.0;0.0;73.4942499999999
312299;0.029571205734835394;-2.0586362668181895e-145;2.1733135870774234;-7.205226933863638e-144;0.0;0.0;0.0;0.0;73.49424999999991
313199;9.383701285458467e-05;-6.532580360927531e-148;0.006896480881988062;-2.2864031263246277e-146;0.0;0.0;0.0;0.0;73.49425000000004
314099;2.9776888573395657e-07;-2.0729551334453724e-150;2.1884300930352803e-05;-7.255342967058804e-149;0.0;0.0;0.0;0.0;73.49424999999988
314999;9.448969720364379e-10;-6.578017793672265e-153;6.944449428708886e-08;-2.3023062277852985e-151;0.0;0.0;0.0;0.0;73.49424999999988
315899;2.9984002041144597e-12;-2.0873735951029256e-155;2.203651742012393e-10;-7.305807582860212e-154;0.0;0.0;0.0;0.0;73.49425000000005
316799;9.514692130569119e-15;-6.6237712669677295e-158;6.992751621170778e-13;-2.3183199434387067e-156;0.0;0.0;0.0;0.0;73.49424999999984
317699;3.019255608883942e-17;-2.1018923445251248e-160;2.2189792653321907e-15;-7.35662320583793e-159;0.0;0.0;0.0;0.0;73.49425000000014
318599;81.28155290515724;-6.669842979037243e-163;6276.280077959307;-2.3344450426630373e-161;0.0;0.0;0.0;0.0;77.21653749999999
319499;59.30008113594578;-2.1165120792646039e-165;4453.851193877476;-7.407792277426135e-164;0.0;0.0;0.0;0.0;75.10699999999994
320399;9.3886070791335;-6.716235143394043e-168;705.1501118924798;-2.350682300187916e-166;0.0;0.0;0.0;0.0;75.107
321299;0.02966444721292633;-2.131233501725823e-170;2.2280076368212565;-7.459317256040393e-169;0.0;0.0;0.0;0.0;75.10699999999996
322199;9.413289195591952e-05;-6.76294998894745e-173;0.007070039116133256;-2.3670324961316094e-171;0.0;0.0;0.0;0.0;75.10700000000008
323099;2.9870778593587386e-07;-2.1460573191988295e-175;2.2435045678285662e-05;-7.511200617195899e-174;0.0;0.0;0.0;0.0;75.10699999999994
323999;9.478763429524147e-10;-6.809989760110053e-178;7.119214849012666e-08;-2.3834964160385122e-176;0.0;0.0;0.0;0.0;75.10699999999963
324899;3.0078545114378804e-12;-2.16098424389322e-180;2.259109287905652e-10;-7.563444853626282e-179;0.0;0.0;0.0;0.0;75.1070000000001
325799;9.5446930701924e-15;-6.85735671690535e-183;7.168732624229411e-13;-2.4000748509168732e-181;0.0;0.0;0.0;0.0;75.10700000000004
326699;3.028775675743322e-17;-2.1760149929723592e-185;2.274822546780539e-15;-7.616052475403247e-184;0.0;0.0;0.0;0.0;75.10700000000006
327599;9.611081285183261e-20;-6.90505313507647e-188;7.218594820862603e-18;-2.41676859727677e-186;0.0;0.0;0.0;0.0;75.10700000000013
328499;3.0498423574314435e-22;-2.1911502885878866e-190;2.29064509939603e-20;-7.669026010057591e-189;0.0;0.0;0.0;0.0;75.10699999999986
329399;9.677931264115375e-25;-6.953081306195628e-193;7.26880383453913e-23;-2.433578457168471e-191;0.0;0.0;0.0;0.0;75.10699999999996
330299;3.0710555686499062e-27;-2.2063908579143434e-195;2.3065777059458884e-25;-7.72236800270021e-194;0.0;0.0;0.0;0.0;75.10700000000011
331199;9.745246218792685e-30;-7.001443537773929e-198;7.31936207754863e-28;-2.4505052382208685e-196;0.0;0.0;0.0;0.0;75.10700000000008
332099;3.09241632858646e-32;-2.2217374331841723e-200;2.3226211319114305e-30;-7.776081016144579e-199;0.0;0.0;0.0;0.0;75.10699999999994
332999;9.81302938335909e-35;-7.050142153372548e-203;7.370271978959505e-33;-2.4675497536803946e-201;0.0;0.0;0.0;0.0;75.10699999999991
333899;3.1139256635178024e-37;-2.237190751722832e-205;2.3387761480983142e-35;-7.830167631029915e-204;0.0;0.0;0.0;0.0;75.10699999999994
334799;9.88128401445338e-40;-7.099179492714116e-208;7.421535984735497e-38;-2.484712822449941e-206;0.0;0.0;0.0;0.0;75.10699999999997
335699;3.135584606858867e-42;-2.2527515559842907e-210;2.3550435306734936e-40;-7.884630445944991e-209;0.0;0.0;0.0;0.0;75.10700000000014
336599;9.950013391366108e-45;-7.148557911795284e-213;7.47315655785334e-43;-2.501995269128352e-211;0.0;0.0;0.0;0.0;75.10699999999997
337499;3.1573941992125813e-47;-2.26842059358664e-215;2.371424061202594e-45;-7.939472077553257e-214;0.0;0.0;0.0;0.0;75.10700000000001
338399;1.0019220816196863e-49;-7.198279782999863e-218;7.525136178420972e-48;-2.5193979240499537e-216;0.0;0.0;0.0;0.0;75.10699999999994
339299;3.1793554884197647e-52;-2.2841986173480467e-220;2.387918526687434e-50;-7.994695160718152e-219;0.0;0.0;0.0;0.0;75.10700000000004
340199;1.0088909614013104e-54;-7.248347495212692e-223;7.57747734379682e-53;-2.5369216233244383e-221;0.0;0.0;0.0;0.0;75.10699999999997
341099;3.2014695296095125e-57;-2.3000863853228932e-225;2.4045277196038135e-55;-8.050302348630117e-224;0.0;0.0;0.0;0.0;75.1069999999999
341999;1.0159083133009826e-59;-7.298763453934682e-228;7.630182568709678e-58;-2.5545672088771355e-226;0.0;0.0;0.0;0.0;75.10699999999989
342899;3.2237373852498443e-62;-2.3160846608382434e-230;2.421252437939604e-60;-8.10629631293383e-229;0.0;0.0;0.0;0.0;75.10700000000011
343799;1.0229744744670227e-64;-7.3495300813981e-233;7.683254385379483e-63;-2.572335528489332e-231;0.0;0.0;0.0;0.0;75.10700000000016
344699;3.246160125198846e-67;-2.332194212530477e-235;2.4380934852330958e-65;-8.162679743856649e-234;0.0;0.0;0.0;0.0;75.10699999999994
345599;1.0300897843928255e-69;-7.400649816683186e-238;7.73669534363919e-68;-2.5902274358391165e-236;0.0;0.0;0.0;0.0;75.10699999999996
346499;103.76341026574511;-13.439373150074058;7159.097887104411;-264.47473540162906;0.0;0.0;0.0;0.0;76.33209687996306
347399;185.5098555967369;-0.07836682472444016;12779.359538460214;-1.6447609786911421;0.0;0.0;0.0;0.0;68.90800943302402
348299;184.4557422662434;-0.0002486780148561029;12746.515124820082;-0.005219248024044737;0.0;0.0;0.0;0.0;69.10344418381425
349199;25.485203526787966;-0.1743265560999934;1600.617324287717;-3.7323312860473905;0.0;0.0;0.0;0.0;63.09085990386627
350099;89.72492868804092;-0.01042659948943069;6059.975371476199;-0.2232334950687112;0.0;0.0;0.0;0.0;67.54484500175829
350999;102.06809103145322;-3.308627179740563e-05;6854.749002432914;-0.0007083770791824555;0.0;0.0;0.0;0.0;67.15860409274539
351899;63.31378719531841;-1.0499121813981469e-07;4195.630364407725;-2.247861980373433e-06;0.0;0.0;0.0;0.0;66.26724691375875
352799;10.697117796673796;-1.7319334563961566;665.1373226957382;-36.82836921237529;0.0;0.0;0.0;0.0;69.68
353699;84.31413669729375;-0.250287567012275;5634.849798796694;-5.3031719780361435;0.0;0.0;0.0;0.0;66.96750963775203
354599;52.465948529482915;-0.465131337175888;3451.2519883323016;-9.865656997489687;0.0;0.0;0.0;0.0;66.17946634584675
355499;52.236387879726;-1.1763223098260682;3426.39285899447;-23.36699651917;0.0;0.0;0.0;0.0;66.6475027889779
356399;2.9253740604261416;-5.636978733621943;175.15079738800137;-118.52613748039934;0.0;0.0;0.0;0.0;-20.88234338409891
357299;140.39655313658938;-0.06863809667864304;9692.532994789623;-1.4695416498897407;0.0;0.0;0.0;0.0;69.0601257090116
358199;155.37578655205897;-0.00021780626796571352;10577.636147950367;-0.004663232197145928;0.0;0.0;0.0;0.0;68.07782954618924
359099;56.41188703468336;-6.911550969607968e-07;3697.8307237542654;-1.479763062593067e-05;0.0;0.0;0.0;0.0;65.55055944128804
359999;4.701972761704911;-0.40706425736900964;281.2521345089349;-8.710730795497001;0.0;0.0;0.0;0.0;63.456859078207415
360899;70.80133801927;-0.1986890415023179;5033.88797133409;-4.172671376232729;0.0;0.0;0.0;0.0;71.23975336310231
361799;42.19150627770028;-0.0008188189573403127;2844.9808686472993;-0.01719519810414657;0.0;0.0;0.0;0.0;67.43108123637955
362699;34.07196614709199;-0.021300131731607493;2288.8861458562774;-0.4473027663637575;0.0;0.0;0.0;0.0;67.20687466311496
363599;28.15305201357952;-0.15638422647953854;1921.407228713098;-3.2840478542629064;0.0;0.0;0.0;0.0;68.51255283111401
364499;151.99015649468328;-0.0006688968224354307;11306.772791909661;-0.014046833271144048;0.0;0.0;0.0;0.0;74.39171566254774
365399;116.75422668522984;-2.122581009651681e-06;8369.776630623188;-4.457420120268526e-05;0.0;0.0;0.0;0.0;71.68714123537235
366299;46.029733041130136;-6.735493414560001e-09;3137.5431952271038;-1.4144536170576013e-07;0.0;0.0;0.0;0.0;68.16340196327452
367199;45.730802167480974;-2.1373446446232978e-11;3104.938772064472;-4.4884237537089233e-10;0.0;0.0;0.0;0.0;67.8960049879332
368099;8.83790559378735;-66.37307041531272;569.4328541902123;-1020.7211173788345;0.0;0.0;0.0;0.0;7.843694627251397
368999;15.443143093763135;-1.6313245471333313;1065.3300917249242;-34.25781548979987;0.0;0.0;0.0;0.0;74.65144960847421
369899;114.99339107943891;-0.005176614094533025;8329.570436600892;-0.10870889598519352;0.0;0.0;0.0;0.0;72.43752558846172
370799;124.73003702874203;-2.1702787114277653;8999.042659399422;-43.06256535822764;0.0;0.0;0.0;0.0;73.07439421391193
371699;4.25856779402014;-105.06744372070757;272.54833881728894;-1334.386853724102;0.0;0.0;0.0;0.0;10.533184753285294
372599;0.41038597271091826;-105.08138105779312;26.701918564049823;-1516.7786133103805;0.0;0.0;0.0;0.0;14.235812829859087
373499;9.890777074836024;-36.641489322492056;663.1851245733666;-688.4022715294802;0.0;0.0;0.0;0.0;0.9426719828113453
374399;14.69791415138116;-6.00602129066542;963.924852768683;-123.03308367708186;0.0;0.0;0.0;0.0;70.0
375299;1.2253995832482258;-116.6270150273379;78.42557332788645;-2242.0881557129646;0.0;0.0;0.0;0.0;18.748980021283494
376199;0.8373126755568335;-56.495025206860696;54.90291117330865;-1298.2379263515058;0.0;0.0;0.0;0.0;22.338952835672174
377099;0.6821590149904968;-58.5595993282485;44.32819090894642;-1260.3219227344312;0.0;0.0;0.0;0.0;21.00980494721251
377999;0.002164792196708146;-50.2557552696475;0.14067295112300637;-1086.6920325893861;0.0;0.0;0.0;0.0;21.62136773343206
378899;1.9356003759574347;-61.864541941961384;125.62491515868048;-1418.0431508700904;0.0;0.0;0.0;0.0;21.565844514173154
379799;0.07179832091245834;-28.806931861033323;4.668892201119672;-779.1646288340902;0.0;0.0;0.0;0.0;26.952919343548416
380699;44.43877194119767;-1.3732953861017045;3291.600306816927;-50.811929285763014;0.0;0.0;0.0;0.0;75.25258366490034
381599;79.94953970838516;-0.0043578155853892095;5792.837225731559;-0.16123917665940043;0.0;0.0;0.0;0.0;72.4581000306238
382499;13.597841581067424;-30.106473011095485;909.3164968036201;-665.6817255765511;0.0;0.0;0.0;0.0;-14.75802353815436
383399;4.404457342440201;-10.855119278926127;287.8353945477957;-334.59411953589705;0.0;0.0;0.0;0.0;7.248670826109623
384299;0.7444052599512377;-1.1043443981799665;47.12829700751273;-38.71149995402562;0.0;0.0;0.0;0.0;-23.38394511612829
385199;2.256117672080665;-0.18955127170720704;145.85961229180828;-7.003118372927867;0.0;0.0;0.0;0.0;67.19188596784844
386099;87.5597828473445;-0.10336695748848665;6560.22023693763;-3.824577427074008;0.0;0.0;0.0;0.0;74.96757776773958
386999;41.19899623784732;-1.4717573797667967;2829.9296676675863;-51.489341081646195;0.0;0.0;0.0;0.0;69.93791681600358
387899;46.229363405335;-0.05985575525670572;3254.864121146585;-2.136185756374502;0.0;0.0;0.0;0.0;70.4518653316134
388799;16.14723258893798;-2.081803812434079;1054.6427738911416;-72.15437874738038;0.0;0.0;0.0;0.0;69.85129360471356
389699;24.951433813005078;-3.441407966700363;1690.3411740499832;-104.92413293208044;0.0;0.0;0.0;0.0;71.98
390599;7.44979129664552;-20.85778359038387;489.3978231958081;-654.4249133867354;0.0;0.0;0.0;0.0;12.308113442755811
391499;31.652023984751743;-1.0501500065545424;2149.6888133778953;-37.087783641779744;0.0;0.0;0.0;0.0;69.03502155591099
392399;2.461874588455522;-42.3047296761057;155.8612801951185;-1225.5678947167257;0.0;0.0;0.0;0.0;26.848141584441244
393299;0.15119663486084034;-15.457644858517295;9.572258953039814;-513.1362727174616;0.0;0.0;0.0;0.0;32.8988153493475
394199;0.010999000599879688;-117.9215340078047;0.6963467279783824;-2745.2287872582424;0.0;0.0;0.0;0.0;23.276397146044346
395099;0.4957493685888471;-107.23551490324918;32.87742975446443;-2916.336904572164;0.0;0.0;0.0;0.0;27.013919886130793
395999;1.8801583815452616;-42.96740273475782;124.43495662608498;-1235.81319697505;0.0;0.0;0.0;0.0;27.049227998715075
396899;73.95294815929925;-14.729459414983634;5230.744397287004;-483.0499586305399;0.0;0.0;0.0;0.0;74.6
397799;72.96928406715195;-0.051228990587664655;5076.424463428748;-1.7844890297823712;0.0;0.0;0.0;0.0;69.59373736820834
398699;90.2890509180113;-0.6820018924313006;6305.568971383379;-21.98794561967923;0.0;0.0;0.0;0.0;70.12373573389226
399599;7.402043655713049;-9.63795423112942;468.63265834858754;-319.2576487936998;0.0;0.0;0.0;0.0;-66.31
400499;8.012973334179376;-5.259371778345683;535.2588336238072;-171.51170454286884;0.0;0.0;0.0;0.0;70.92
401399;39.89938872014488;-0.6490365626727561;2753.5915371038323;-21.620418964611513;0.0;0.0;0.0;0.0;69.60373520162501
402299;131.0606283404803;-0.002059559315413989;9452.884459627057;-0.0686071291551727;0.0;0.0;0.0;0.0;72.12665253717022
403199;67.17286740334202;-6.5355094306356026e-06;4634.4712349761;-0.00021770800007881128;0.0;0.0;0.0;0.0;68.99320584821827
404099;8.029011442864546;-0.047890137977784616;556.4662968537324;-1.7719350364765358;0.0;0.0;0.0;0.0;69.50080579249209
404999;9.117920192439557;-12.14492806343957;666.9876567348567;-423.0608725179294;0.0;0.0;0.0;0.0;-78.563
405899;35.15692679822887;-5.382257832573211;2609.7874793668993;-193.10323767753994;0.0;0.0;0.0;0.0;79.053
406799;75.55384902560505;-0.04053937990585974;5651.63639400835;-1.4999570565168119;0.0;0.0;0.0;0.0;74.82305388893299
407699;10.242436172225545;-31.516182296917346;728.2163760751426;-1040.8988610442675;0.0;0.0;0.0;0.0;14.698045334206732
408599;0.11430592305304471;-33.17845859255242;7.626423173892024;-1103.0466161849017;0.0;0.0;0.0;0.0;33.13014562812311
409499;0.00042149134667955997;-91.89583436708249;0.02812282047597222;-2779.761406266861;0.0;0.0;0.0;0.0;30.2488796389134
410399;1.337500042139774e-06;-76.85730751011084;8.924091530709067e-05;-2402.6017181344373;0.0;0.0;0.0;0.0;31.260549563077497
411299;5.064085084337851;-28.99126383047609;346.7827848067361;-996.8444809091774;0.0;0.0;0.0;0.0;27.168338691303457
412199;0.07880378150634608;-110.72849927986074;5.2499079239527715;-3190.692176357058;0.0;0.0;0.0;0.0;28.78853171792488
413099;0.00025006459068694053;-111.70972334805369;0.016659303031563915;-3419.44737109582;0.0;0.0;0.0;0.0;30.61003343123798
413999;7.935190205357182e-07;-70.50884880605025;5.286423714808963e-05;-2243.0315980434248;0.0;0.0;0.0;0.0;31.812057754518175
414899;12.83153339497503;-16.49075372786779;917.3036758086207;-576.8251388764612;0.0;0.0;0.0;0.0;-78.188
415799;16.805802539743365;-5.078082243127884;1192.5404596126716;-181.87008890335244;0.0;0.0;0.0;0.0;78.188
416699;7.528611173364387;-21.688845925716535;533.5506264315167;-717.7586055843786;0.0;0.0;0.0;0.0;13.008822408277045
417599;0.065113946783565;-60.26795411815724;4.33789113472109;-1827.371516335876;0.0;0.0;0.0;0.0;30.28152193503993
418499;0.0002066232373522847;-78.63301877422634;0.013765240072409198;-2155.8355081611967;0.0;0.0;0.0;0.0;27.416312401260214
419399;6.556684753858998e-07;-146.60693221813125;4.368063383020864e-05;-3467.038680623122;0.0;0.0;0.0;0.0;23.648531484784098
420299;2.0806040749516675e-09;-189.07527506230252;1.3860984347328014e-07;-4371.828968727509;0.0;0.0;0.0;0.0;18.15
421199;6.602289844967254e-12;-114.17601750044278;4.3984454947171863e-10;-3003.3686841356166;0.0;0.0;0.0;0.0;26.304724493685406
422099;2.0950757389038794e-14;-47.3363543980489;1.3957394572577618e-12;-1377.5505389751274;0.0;0.0;0.0;0.0;29.101322999895118
422999;6.64821214277571e-17;-43.93341137397497;4.429038929517166e-15;-1256.5596689162544;0.0;0.0;0.0;0.0;28.60145910865024
423899;2.1096480606698739e-19;-95.49772883629814;1.4054475380182673e-17;-2471.5463815930157;0.0;0.0;0.0;0.0;25.880682312662447
424799;6.694453853619004e-22;-145.1785239923325;4.459845157280981e-20;-3415.384006311959;0.0;0.0;0.0;0.0;23.525407976267484
425699;2.1243217403761723e-24;-82.5131446208939;1.4152231434386091e-22;-2293.100922954766;0.0;0.0;0.0;0.0;27.7907348397689
426599;6.741017199177905e-27;-24.00653541450773;4.4908656580923325e-25;-712.6698478498494;0.0;0.0;0.0;0.0;29.686493096340996
427499;0.15630965151824186;-40.57873983264889;10.109544765519852;-1197.579152505127;0.0;0.0;0.0;0.0;29.376502165224167
428399;0.0016597870079943444;-41.170973831829166;0.10733842580699417;-1158.0466134616674;0.0;0.0;0.0;0.0;28.126270789336154
429299;5.266929465157507e-06;-88.4786054230739;0.0003406123285117361;-2368.2658984270915;0.0;0.0;0.0;0.0;26.722
430199;1.6713316743252016e-08;-109.58717614477828;1.080850193786108e-06;-2736.9858192307124;0.0;0.0;0.0;0.0;24.975420618114892
431099;5.303563649526031e-11;-101.178826197348;3.4298146121484844e-09;-2705.2013076601766;0.0;0.0;0.0;0.0;26.736832293168774
431999;0.0019632026145473807;-76.46647557278993;0.12719272577918336;-2132.8253498891077;0.0;0.0;0.0;0.0;27.891345815934052
432899;18.03283029011759;-20.642431967405695;1187.02165447878;-603.1338250297653;0.0;0.0;0.0;0.0;-73.379
433799;1.4958501777274689;-43.68853545237623;90.04048410969821;-1207.8558338269643;0.0;0.0;0.0;0.0;26.4931075716316
434699;2.323515572420038;-22.674788343377305;138.4944236279877;-677.6846405304988;0.0;0.0;0.0;0.0;26.49417670190999
435599;2.5415527528409427;-56.45615049033197;155.77121400147473;-1529.9784740802174;0.0;0.0;0.0;0.0;25.488593400431682
436499;86.60515271357016;-11.66416513840372;6061.310052027096;-360.62661230815553;0.0;0.0;0.0;0.0;76.06896605146959
437399;22.73778208264905;-1.4547426690029952;1467.808258627061;-46.64692639949425;0.0;0.0;0.0;0.0;66.7743598367985
438299;19.165033385865208;-0.13650824422117627;1267.9599491768881;-4.407740862294802;0.0;0.0;0.0;0.0;66.4030553555253
439199;11.961987612359023;-1.8961045718781706;753.8241883710782;-56.430687196835706;0.0;0.0;0.0;0.0;69.28289335069879
440099;60.824454110105364;-4.253684186588846;4201.7869286030655;-128.24340245128806;0.0;0.0;0.0;0.0;72.00792090436799
440999;37.86232095270705;-0.014076327069540128;2548.1019167077256;-0.4256013744937657;0.0;0.0;0.0;0.0;67.31293196111652
441899;16.062614453855222;-0.0381279571223435;1053.0996391176845;-1.231096104056764;0.0;0.0;0.0;0.0;65.64132605610084
442799;31.83864046793652;-1.6980198368107358;2120.3917538614787;-48.235216781292806;0.0;0.0;0.0;0.0;68.74963068744178
443699;34.53839226644302;-5.772757671420123;2391.047948624904;-182.81646016587086;0.0;0.0;0.0;0.0;74.0
444599;40.1983077862901;-0.02103072962821468;2723.0570085016107;-0.679082259695051;0.0;0.0;0.0;0.0;67.75914461307457
445499;61.65538450214936;-6.673589383402458e-05;4261.455888193254;-0.002154902011900663;0.0;0.0;0.0;0.0;69.11737523512646
446399;45.86818324460658;-3.538040178598174;3100.697975211947;-87.63724665746308;0.0;0.0;0.0;0.0;71.18002705202305
447299;3.9707791750537553;-64.01716584553279;240.9687634205261;-1577.248072738289;0.0;0.0;0.0;0.0;22.25411691549337
448199;0.05578045930914305;-48.95066634475442;3.5085908905450895;-1194.7671215350003;0.0;0.0;0.0;0.0;24.36366317400613
449099;0.00017700568503433928;-48.08643684231915;0.011133657588659928;-1217.1589356361612;0.0;0.0;0.0;0.0;25.31175862114563
449999;5.616843929476794e-07;-32.87243475763295;3.532994831640901e-05;-849.156120657963;0.0;0.0;0.0;0.0;25.831859005825343
450899;0.1357879430195181;-8.819893860412092;8.54106180406902;-249.03215460071337;0.0;0.0;0.0;0.0;27.693247305400487
451799;1.326209643939544;-0.20077300408150375;83.74121894946703;-5.683395733015773;0.0;0.0;0.0;0.0;69.35781229434406
452699;0.17579193550730854;-12.230095884326;11.057312743409721;-333.9179958915525;0.0;0.0;0.0;0.0;26.783851188668823
453599;1.0415487787681978;-0.2906355949701612;72.21259809440551;-8.748131408601855;0.0;0.0;0.0;0.0;76.063
454499;21.90824226847861;-0.3091012195283026;1477.2147356487267;-9.218898820132534;0.0;0.0;0.0;0.0;67.9654729556913
455399;54.102983877849816;-0.00449680977848279;3952.0614413144954;-0.1353539743323322;0.0;0.0;0.0;0.0;73.05058424956529
456299;104.57312307793929;-1.4269529648939194e-05;7733.590617576987;-0.00042951284243306813;0.0;0.0;0.0;0.0;73.95390914726462
457199;169.65762220608244;-4.528087387113213e-08;12811.046005515429;-1.3629543035210759e-06;0.0;0.0;0.0;0.0;75.51117268406698
458099;58.32984568373563;-6.312465755171664;3956.08696080314;-178.08190177898618;0.0;0.0;0.0;0.0;72.62966847258608
458999;34.51691207630104;-0.0966928276549524;2501.014718638795;-2.910454112414065;0.0;0.0;0.0;0.0;72.57665171974881
459899;42.11171073452778;-0.00033313460863176555;3015.693623855819;-0.01002735171981614;0.0;0.0;0.0;0.0;71.6120860531974
460799;43.51506551003972;-1.057121472583746e-06;3045.0878392394993;-3.181935632477069e-05;0.0;0.0;0.0;0.0;69.97778460640498
461699;3.7511790148525135;-88.19871874468046;232.59469155429187;-2512.8876100951798;0.0;0.0;0.0;0.0;27.00247900455363
462599;0.011902139754370428;-87.10777698149374;0.7379326647709673;-2533.0165226954596;0.0;0.0;0.0;0.0;29.07460995864677
463499;4.330275782740034;-11.29785157619242;307.15858710357753;-364.530606789701;0.0;0.0;0.0;0.0;8.234143608460988
464399;22.12492762286241;-0.0843364000916745;1565.9360000865513;-3.1204468033919484;0.0;0.0;0.0;0.0;70.9062446414129
465299;6.409017265403043;-0.033523033676409;416.96004643856963;-1.240352246027132;0.0;0.0;0.0;0.0;65.2058772359607
466199;12.409749601345494;-0.0014328725511035634;862.2944241277136;-0.053016284390832016;0.0;0.0;0.0;0.0;69.48899086710364
467099;35.387280106186736;-4.546871750937609e-06;2608.7392575455515;-0.00016823425478469168;0.0;0.0;0.0;0.0;73.71969297095545
467999;34.133330248345096;-1.4428389114964717e-08;2495.8165737221957;-5.338503972536937e-07;0.0;0.0;0.0;0.0;73.11963280712551
468899;9.669653636564808;-5.001436792421652;627.8451835865145;-166.34296387550322;0.0;0.0;0.0;0.0;77.625
469799;13.758015694341287;-0.9182801390822469;1020.2181196406294;-32.72549206815417;0.0;0.0;0.0;0.0;76.90910948458026
470699;49.04085299141533;-0.006102253995048014;3641.1997602193687;-0.2257833978167766;0.0;0.0;0.0;0.0;74.25293127967277
471599;50.49558883220973;-1.936401551258724e-05;3790.0272640501144;-0.0007164685739657261;0.0;0.0;0.0;0.0;75.05661560998486
472499;45.75947273954583;-6.144698288140815e-08;3382.359156420405;-2.2735383666121e-06;0.0;0.0;0.0;0.0;73.91604308774548
473399;53.79413245251057;-1.9498702130112016e-10;4058.105898310305;-7.2145197881414514e-09;0.0;0.0;0.0;0.0;75.43770506756091
474299;82.44192274035245;-6.187437802969344e-13;6279.355829466176;-2.289351987098661e-11;0.0;0.0;0.0;0.0;76.16702304776153
475199;121.38805875855701;-1.963432556184914e-15;9358.587758100432;-7.26470045788418e-14;0.0;0.0;0.0;0.0;77.09644468995775
476099;254.3780796163212;-6.2304745929515115e-18;19482.171075199312;-2.305275599392065e-16;0.0;0.0;0.0;0.0;76.58746030548032
476999;190.61834306098072;-1.9770892323819858e-20;14201.257987900643;-7.3152301598133775e-19;0.0;0.0;0.0;0.0;74.501004257274
477899;134.74072206379526;-6.273810725787875e-23;9805.60073481897;-2.321309968541509e-21;0.0;0.0;0.0;0.0;72.77384731674768
478799;72.95627741662403;-1.9908408977367864e-25;5094.183302985784;-7.366111321626109e-24;0.0;0.0;0.0;0.0;69.82515396029525
479699;42.602194045750245;-0.5636990076028454;2898.6395007198357;-19.253756850457027;0.0;0.0;0.0;0.0;68.49402532741739
480599;1.1745670035208786;-16.052225351138084;72.82315421829445;-575.5764022637796;0.0;0.0;0.0;0.0;33.792498543697626
481499;0.4679620405943422;-1.5845364723029818;29.056226983983137;-58.518899047052024;0.0;0.0;0.0;0.0;26.38666194244086
482399;1.2511799249879711;-16.825842820290692;78.39733011698;-593.5174872315762;0.0;0.0;0.0;0.0;33.074241194007165
483299;130.26742899933348;-6.405892812450811;9816.836826352024;-234.2670983287585;0.0;0.0;0.0;0.0;77.36517746368861
484199;224.24293115674087;-0.021989092619759735;16962.879088719073;-0.8135964269311107;0.0;0.0;0.0;0.0;75.64889049231383
485099;201.64175047886468;-6.97770251684511e-05;15154.91639151018;-0.00258174993123269;0.0;0.0;0.0;0.0;75.1576447736978
485999;182.58134244340675;-2.2142037989250385e-07;13597.547579174516;-8.192554056022658e-06;0.0;0.0;0.0;0.0;74.473916148835
486899;114.41734690488047;-7.02623600151814e-10;8226.239691238483;-2.5997073205617094e-08;0.0;0.0;0.0;0.0;71.89678762698274
487799;192.61401738968735;-2.2296047171898414e-12;14396.547503480839;-8.249537453602443e-11;0.0;0.0;0.0;0.0;74.74298962548777
488699;166.37656169631634;-7.075107061364176e-15;12411.383296315813;-2.6177896127047435e-13;0.0;0.0;0.0;0.0;74.59814753817338
489599;149.93304454003405;-2.2451127567067676e-17;10977.076823385214;-8.306917199815046e-16;0.0;0.0;0.0;0.0;73.21319230901227
490499;68.34073222696581;-7.124318044390971e-20;5093.329273196859;-2.635997676424658e-18;0.0;0.0;0.0;0.0;74.52845626940969
491399;87.51887295690572;-2.260728662558825e-22;6656.971137376972;-8.36469605146766e-21;0.0;0.0;0.0;0.0;76.06326398484202
492299;117.02737965921615;-7.173871314937865e-25;8992.70897946855;-2.654332386527002e-23;0.0;0.0;0.0;0.0;76.84277820844429
493199;239.87086753783726;-2.2764531850114892e-27;18943.59379460343;-8.422876784542491e-26;0.0;0.0;0.0;0.0;78.97413299518443
494099;77.63308970528094;-8.410944787701926;5664.733284334909;-291.67151690484536;0.0;0.0;0.0;0.0;77.6205616544767
494999;15.863002261556709;-1.8102690427750314;1165.4490720024003;-66.75219196115292;0.0;0.0;0.0;0.0;77.0
495899;21.826061801716634;-0.006436236235504373;1535.2100494685346;-0.23814074071366154;0.0;0.0;0.0;0.0;70.34822408484233
496799;2.7621119254883655;-0.16553987106654677;182.94052814480537;-6.124975187154674;0.0;0.0;0.0;0.0;68.09576212473812
497699;71.98776566627723;-0.04660560548439484;5440.674356433941;-1.7244074029226053;0.0;0.0;0.0;0.0;75.60275570250624
498599;73.79142816764958;-0.000147874886798416;5532.489185510441;-0.005471370811541402;0.0;0.0;0.0;0.0;74.9747624948342
499499;40.56223067572556;-1.434891295924042;2967.6473577457073;-52.37720802850779;0.0;0.0;0.0;0.0;74.50724214644997
500399;30.164205735601257;-0.03969115699213964;2191.355608268992;-1.4673685776638477;0.0;0.0;0.0;0.0;72.69455691897949
501299;75.26999373254178;-0.00012595021123867203;5647.657145396308;-0.004656336482162823;0.0;0.0;0.0;0.0;75.03205008134213
502199;27.584471153313906;-5.4043014760075065;1983.6210361097899;-187.12032798111102;0.0;0.0;0.0;0.0;77.0
503099;55.86794056504879;-3.882919162047182;4121.489435291302;-140.2596399333884;0.0;0.0;0.0;0.0;76.58417151537495
503999;5.591657519508817;-6.238968022896081;375.9186180095285;-218.9677379982984;0.0;0.0;0.0;0.0;-75.684
504899;67.23820533596343;-2.0488216407974713;4987.220980010771;-75.41518088006244;0.0;0.0;0.0;0.0;75.34671323323062
505799;48.979633447371675;-3.7176051018839686;3549.913542356655;-123.5610360571539;0.0;0.0;0.0;0.0;75.70037471909018
506699;0.9314878521458575;-23.989087969744503;58.68373468518907;-834.1306933984221;0.0;0.0;0.0;0.0;33.63086161431759
507599;0.003326563239084972;-48.3302314123028;0.2095734840623533;-1545.7799563860046;0.0;0.0;0.0;0.0;31.98157191587423
508499;12.186748349648985;-46.29303616098663;832.0113238637792;-1575.6005877963494;0.0;0.0;0.0;0.0;21.80211660811076
509399;5.8911238958452;-8.720092711672464;387.4776932728035;-280.3451559598443;0.0;0.0;0.0;0.0;-37.869819106376696
510299;0.06426127750534769;-39.15667508610648;4.0484604828368935;-1338.983586112689;0.0;0.0;0.0;0.0;34.1481887551323
511199;0.00020391749925224693;-48.6408133096986;0.012846802452891546;-1610.1825847186733;0.0;0.0;0.0;0.0;33.10340388487091
512099;8.048944306037297;-45.979018382761964;539.649164170621;-1560.963397192417;0.0;0.0;0.0;0.0;26.926238819251694
512999;0.10267947758499739;-116.03755526266106;6.551859888256233;-3618.2915861185797;0.0;0.0;0.0;0.0;31.15317717617507
513899;0.0003258282920366382;-65.09839294890989;0.020790730214679216;-2163.383267314454;0.0;0.0;0.0;0.0;33.23236114792507
514799;1.0339366579230061e-06;-69.87079671615703;6.59743141996002e-05;-2311.988434054149;0.0;0.0;0.0;0.0;33.089481027166165
515699;4.452192489132521;-20.553025753286438;293.782572112766;-720.7630171111098;0.0;0.0;0.0;0.0;26.51915202109145
516599;2.154605751843006;-29.75915387430385;137.53497944592633;-984.0348718919927;0.0;0.0;0.0;0.0;30.665232725084874
517499;0.012105725459801916;-86.59017573620669;0.7626607039675207;-2669.4078943328286;0.0;0.0;0.0;0.0;30.82357037177664
518399;3.841456874541042e-05;-140.51201611013593;0.0024201178309608525;-4238.315329830652;0.0;0.0;0.0;0.0;30.1633567416974
519299;0.5198600909811569;-147.8969806251886;32.78174029678256;-4005.317640251528;0.0;0.0;0.0;0.0;26.95490239974316
520199;0.31194615956347493;-111.42985834443762;19.52372098175703;-2995.960155841485;0.0;0.0;0.0;0.0;26.786288334032378
521099;0.000989887244033971;-157.89625610762118;0.061953903785717884;-3845.960720012751;0.0;0.0;0.0;0.0;24.35727718867251
521999;3.1411658650625e-06;-158.17652146745755;0.00019659561121931627;-4223.9294085292;0.0;0.0;0.0;0.0;26.703895474676777
522899;0.02859567772160036;-51.330169026323304;1.7729320241664694;-1580.5679443950557;0.0;0.0;0.0;0.0;30.774787386007556
523799;0.2748952667377993;-31.897943562989973;17.059522082605334;-897.0647715616544;0.0;0.0;0.0;0.0;27.82797032199276
524699;0.004176441623847677;-36.42722713509903;0.2589393806785558;-1200.2720409945757;0.0;0.0;0.0;0.0;32.94652915574881
525599;6.242519447629657e-05;-173.07412039948284;0.003870362057530388;-3999.793094892187;0.0;0.0;0.0;0.0;23.110275863089388
526499;1.482396170560539;-37.85240426542811;92.98343289129174;-1289.5287971190735;0.0;0.0;0.0;0.0;32.899232826858636
527399;0.18675093693664035;-1.1278902967068998;11.578558090071716;-38.11827001974503;0.0;0.0;0.0;0.0;28.199555840648188
528299;0.8072669864789346;-8.30352889868263;50.30621348821293;-257.4741477834092;0.0;0.0;0.0;0.0;27.636165427722435
529199;0.013807428537495607;-53.71051608793309;0.8560605693247265;-1696.9357754066843;0.0;0.0;0.0;0.0;31.586288194976508
530099;19.933644805628727;-15.953997081133538;1390.6462319720383;-548.2359901234254;0.0;0.0;0.0;0.0;78.724
530999;32.372045517220265;-0.09982138559133664;2252.4726384432247;-3.4937484956967855;0.0;0.0;0.0;0.0;69.68775628151946
531899;33.91806425553571;-0.0003167588343341221;2439.659816033717;-0.011086559201694261;0.0;0.0;0.0;0.0;71.92838291256753
532799;13.776528117001806;-0.3517603202801058;900.228497104878;-11.803047384682179;0.0;0.0;0.0;0.0;66.17808688930526
533699;2.3600838795935646;-16.828216532472084;166.46155373157362;-622.2825177877946;0.0;0.0;0.0;0.0;31.50516898015396
534599;1.2673934052159292;-0.7456305607871628;87.41339062729293;-29.236174288464674;0.0;0.0;0.0;0.0;79.0
535499;6.960086579464419;-1.685054070844707;519.1670538899247;-65.94493778584966;0.0;0.0;0.0;0.0;80.32
536399;5.004787502179112;-0.12916151040840124;353.2920095443021;-5.064422823113408;0.0;0.0;0.0;0.0;71.42212862695827
537299;0.5673410662988181;-215.20589662871504;38.57919250831976;-5451.495891886069;0.0;0.0;0.0;0.0;25.21875291787309
538199;0.00180031701647232;-199.3567926110064;0.12242155712011749;-5916.704915034895;0.0;0.0;0.0;0.0;29.6786271835749
539099;8.444527228844786;-29.144694024546016;651.0376322060285;-1065.524879160405;0.0;0.0;0.0;0.0;20.023377156576935
539999;58.33720840487169;-0.18808960389258741;4600.215637219258;-7.3749933686283615;0.0;0.0;0.0;0.0;78.98383911147585
540899;16.077526108236075;-12.597707609100748;1173.1480151787853;-469.67493241679887;0.0;0.0;0.0;0.0;80.38
541799;12.801230119919753;-2.4580070356227304;983.5870939099188;-95.3634951849203;0.0;0.0;0.0;0.0;80.54
542699;124.23689177788857;-0.015724056493342502;9948.51985862271;-0.6165402551039604;0.0;0.0;0.0;0.0;80.08219131121749
543599;217.9379253663259;-4.9896460243210335e-05;17488.753745541944;-0.00195644020613628;0.0;0.0;0.0;0.0;80.24650029920987
544499;98.23676950743724;-1.5833425336880244e-07;7494.797259879846;-6.2082860745907365e-06;0.0;0.0;0.0;0.0;76.29319758101344
545399;222.3124688918288;-5.024351560743749e-10;17923.30146321003;-1.9700482469676238e-08;0.0;0.0;0.0;0.0;80.62211513629418
546299;279.9844646969538;-1.594355489658178e-12;22513.270820681573;-6.251467874949718e-11;0.0;0.0;0.0;0.0;80.40899999594363
547199;283.314531956562;-5.0592984918971106e-15;22795.348696474288;-1.9837509386728577e-13;0.0;0.0;0.0;0.0;80.45951098607708
548099;177.4203677242291;-1.605445046361668e-17;14864.858405506568;-6.2949500267841e-16;0.0;0.0;0.0;0.0;83.78326905855339
548999;220.91760475053948;-5.0944884968048985e-20;18569.54622066555;-1.9975489395972078e-18;0.0;0.0;0.0;0.0;84.05643471299769
549899;192.69855655032003;-1.6166117365957306e-22;16183.093175154032;-6.338734619191853e-21;0.0;0.0;0.0;0.0;83.98139282858658
550799;191.23479553376097;-5.129923266169137e-25;16042.96957734094;-2.0114429126649194e-23;0.0;0.0;0.0;0.0;83.89147766003013
551699;209.1621117865893;-1.6278560968634385e-27;17577.371045682663;-6.382823755801535e-26;0.0;0.0;0.0;0.0;84.03707007709443
552599;193.92694558009416;-5.1656045024516175e-30;16281.50302689333;-2.025433525411279e-28;0.0;0.0;0.0;0.0;83.95688891087532
553499;139.82941328021076;-1.6391786673995485e-32;11704.4919117146;-6.427219554873621e-31;0.0;0.0;0.0;0.0;83.7055068539794
554399;142.85535930183914;-5.201533919955605e-35;11971.447156057082;-2.039521450014594e-33;0.0;0.0;0.0;0.0;83.80117634062721
555299;290.724756258917;-1.6505799921964237e-37;24575.15209078374;-6.471924149402177e-36;0.0;0.0;0.0;0.0;84.530648187722
556199;275.0381316448677;-5.237713244908333e-40;23132.893863566525;-2.0537073633285513e-38;0.0;0.0;0.0;0.0;84.1079515964571
557099;123.84627970738363;-1.662060619030178e-42;10362.15295479734;-6.516939687217317e-41;0.0;0.0;0.0;0.0;83.66947298926054
557999;68.96932159361785;-5.274144215543658e-45;5710.509499800206;-2.067991946914671e-43;0.0;0.0;0.0;0.0;82.797820362041
558899;165.72955148912834;-0.003527723336859185;13930.840878116573;-0.14368417151027463;0.0;0.0;0.0;0.0;84.05859790392549
559799;248.4690827831444;-1.2514602460712512e-05;20895.266959788783;-0.0005097197582248217;0.0;0.0;0.0;0.0;84.0960463509028
560699;142.53978015669657;-3.97120402362396e-08;11929.65909391661;-1.6174713988220376e-06;0.0;0.0;0.0;0.0;83.6935421291396
561599;89.82976139897804;-0.0023601426673467386;7396.720140406234;-0.09612861084103264;0.0;0.0;0.0;0.0;82.34262494904085
562499;132.2345296545967;-0.03889544581518211;11046.589209772015;-1.7886912859297335;0.0;0.0;0.0;0.0;83.54890526144469
563399;23.03456893634094;-2.8287366280238913;1686.7325873853415;-118.66073356936;0.0;0.0;0.0;0.0;77.60491277414678
564299;14.813376801800212;-6.586155807732835;1115.4989222586594;-288.2483995299171;0.0;0.0;0.0;0.0;84.23
565199;5.248823819274888;-3.2798746501341705;386.63462205719037;-145.4136265786872;0.0;0.0;0.0;0.0;84.05
566099;160.9587780384098;-1.6007017846659912;13531.86509573806;-73.09484314029238;0.0;0.0;0.0;0.0;84.4561541466373
566999;257.59748007017674;-0.005237756323223309;21661.133641492263;-0.24093679086827247;0.0;0.0;0.0;0.0;84.08984878632135
567899;239.36720148657915;-1.6620742888833146e-05;20114.88314462598;-0.0007645541728863287;0.0;0.0;0.0;0.0;84.03358376523526
568799;113.02684390559044;-5.2741875934903344e-08;9425.416322775049;-2.4261262930055548e-06;0.0;0.0;0.0;0.0;83.39095385712108
569699;288.27178026422473;-1.673634864420922e-10;24587.517700221226;-7.698720376336247e-09;0.0;0.0;0.0;0.0;85.29283607882577
570599;411.603983570693;-5.310872261848351e-13;35091.753148593474;-2.4430012404502438e-11;0.0;0.0;0.0;0.0;85.25610671736
571499;107.67234770996825;-0.2193989046300366;8889.765801801776;-9.572478065613646;249.99999999999594;0.0;46923.75858123494;0.0;156.11551699734744
572399;135.86085423169212;-0.2590930692794666;11376.48053266618;-11.304744201368793;124.99999999999797;0.0;17356.700000000073;0.0;110.2136672459593
573299;317.3964386661996;-0.0008220757957352291;26878.67718199086;-0.03586879653233557;0.0;0.0;0.0;0.0;84.6849795908838
574199;165.40277706724652;-2.60865714112483e-06;13819.976832575077;-0.00011382088209268601;150.0000000000002;0.0;22781.781249999825;0.0;116.04767279420241
575099;8.128554057961301;-9.213940597569328;662.0556557056808;-400.4751280389248;150.0000000000002;0.0;22781.781249999825;0.0;154.7421118867933
575999;87.75413741663908;-4.188867515817593;7149.186952151333;-180.8440797060958;0.0;0.0;0.0;0.0;83.38802567999286
576899;4.706540498529373;-48.90161548833992;324.7512943985262;-1645.1101745815936;0.0;0.0;0.0;0.0;29.87570177191654
577799;0.014935058974697801;-42.45657502807742;1.0305190692541484;-1551.6541294302544;0.0;0.0;0.0;0.0;36.5354310410683
578699;0.000300083128428096;-49.32003423310262;0.021969401229730515;-1729.5265549431658;0.0;0.0;0.0;0.0;35.067191973962444
579599;2.86202571830854;-2.1446416515522517;216.3883968596453;-84.09139915736371;0.0;0.0;0.0;0.0;83.25
580499;15.607002119918752;-2.642775235152335;1299.5341282884533;-103.10670578912942;0.0;0.0;0.0;0.0;87.474
581399;65.04077885672852;-0.10539588980420124;5369.2524194687485;-4.13257283922273;0.0;0.0;0.0;0.0;82.62244097893931
582299;2.181699177810092;-0.3414096870494964;162.50196837620345;-13.386673829210762;0.0;0.0;0.0;0.0;81.0281726302545
583199;23.53429103401444;-0.20688265428725008;1895.3426378505164;-8.034721715947601;0.0;0.0;0.0;0.0;80.90516895030413
584099;2.7013351264304664;-22.639917392708963;199.898799355854;-844.6535327869221;0.0;0.0;0.0;0.0;32.33704005733255
584999;0.04662662262011455;-67.22272944433536;3.4504102481994012;-1983.6905546169585;0.0;0.0;0.0;0.0;29.478342166176237
585899;0.00035323575738614493;-158.62875325956827;0.02613944604657475;-4659.461847565989;0.0;0.0;0.0;0.0;26.167
586799;1.1209075681177065e-06;-202.42254830715746;8.294716004071042e-05;-5691.793067123433;0.0;0.0;0.0;0.0;25.0
587699;18.483725998578905;-57.296619172297824;1486.5411316508287;-2003.7425640254528;0.0;0.0;0.0;0.0;13.325505781280762
588599;17.802710764994856;-42.92252280493853;1386.54041387026;-1412.0567944149427;0.0;0.0;0.0;0.0;1.0157870808948926
589499;0.3259841269789487;-37.455850561996755;24.122825396442213;-1379.9937880902728;0.0;0.0;0.0;0.0;36.516990037300154
590399;0.0010344311621247;-61.869724578007656;0.07654790599722762;-2098.7628707306894;0.0;0.0;0.0;0.0;33.92162203278352
591299;61.171206342612756;-39.509455070213946;4529.857845125185;-817.904373853889;0.0;0.0;0.0;0.0;82.75
592199;2.35221417994018;-102.93219529369729;150.36215584938623;-1827.9721515974793;0.0;0.0;0.0;0.0;16.679362803326608
593099;0.035488963009597876;-92.83962290216049;2.2085201958630334;-1695.531457748718;0.0;0.0;0.0;0.0;18.246201604156127
593999;0.00011261557299993684;-127.18880149406868;0.007008200472687396;-2248.877999105796;0.0;0.0;0.0;0.0;17.681375684701703
594899;123.53867820084687;-13.393439705129238;9740.883110827494;-475.0542568638906;0.0;0.0;0.0;0.0;83.75
595799;84.2931544961058;-3.6329771432056313;6298.097138958512;-84.61438359284773;0.0;0.0;0.0;0.0;77.03284271469875
596699;11.885395234860297;-5.673828766545977;798.4982154921648;-185.60561305340406;0.0;0.0;0.0;0.0;78.32
597599;2.181363483921505;-52.62849648428091;137.16688013640976;-855.4395282662302;0.0;0.0;0.0;0.0;14.2381262404883
598499;112.8840515062809;-36.47193600250314;8751.556517279474;-1031.937996157638;0.0;0.0;0.0;0.0;85.77
599399;141.48326117728027;-0.11790303939249247;10975.53930805948;-3.698803792081494;0.0;0.0;0.0;0.0;77.61336050636582
600299;83.2985765106222;-0.0003741365543994301;6263.275978282726;-0.011737549348918552;0.0;0.0;0.0;0.0;75.19086921716382
601199;12.564359449693981;-11.849576814905886;833.8283157651805;-292.18451090970456;0.0;0.0;0.0;0.0;77.27
602099;45.865368705403036;-2.5703503145134206;3341.6465009736116;-92.41693593045527;0.0;0.0;0.0;0.0;75.04857800746143
602999;1.4134193428549497;-1.2079814350151905;88.26168001896137;-36.1771973620822;0.0;0.0;0.0;0.0;72.0
603899;0.0984165075640285;-5.916418055101614;6.124459265709499;-169.52006599971003;0.0;0.0;0.0;0.0;28.08449007772371