time [s];open loop FRCE [MW];aFRR P [MW];AEP [EUR/MWh];ARCELOR sb_P [MW];ARGE Netz sb_P [MW];AURUBIS sb_P [MW];TRIMET sb_P [MW];
0;87.16979999300008;0.0;0.0;0.0;0.0;0.0;26.44999999999999
1;60.71579999299996;0.0;0.0;0.0;0.0;0.0;26.44999999999999
2;60.71189999300003;0.0;0.0;0.0;0.0;0.0;26.44999999999999
3;60.708859992999976;0.0;0.0;0.0;0.0;0.0;26.44999999999999
4;60.70582999300012;0.0;0.0;0.0;0.0;0.0;26.44999999999999
5;48.91496999300006;0.0;0.0;0.0;0.0;0.0;26.44999999999999
6;48.90802999299984;0.0;0.0;0.0;0.0;0.0;26.44999999999999
7;48.908309993000046;0.0;0.0;0.0;0.0;0.0;26.44999999999999
8;48.9087399930001;0.0;0.0;0.0;0.0;0.0;26.44999999999999
9;-79.26054000700009;0.0;0.0;0.0;0.0;-0.10188;-33.55000000000001
10;-19.156920006999933;0.0;0.0;0.0;0.0;-0.20376;-33.55000000000001
11;-19.04990000699995;0.0;0.0;0.0;0.0;-0.30564;-33.55000000000001
12;-18.952200007000087;0.0;0.0;0.0;0.0;-0.40752;-33.55000000000001
13;-18.854650007000068;0.0;0.0;0.0;0.0;-0.5094;-33.55000000000001
14;-21.054770006999973;0.0;0.0;0.0;0.0;-0.6112799999999999;-33.55000000000001
15;-20.95484000700005;0.0;0.0;0.0;0.0;-0.7131599999999999;-33.55000000000001
16;-20.86690000699987;0.0;0.0;0.0;0.0;-0.8150399999999999;-33.55000000000001
17;-22.261220006999913;0.0;0.0;0.0;0.0;-0.9169199999999998;-33.55000000000001
18;-22.16096000699992;0.0;0.0;0.0;0.0;-1.0188;-33.55000000000001
19;-22.060590006999973;0.0;0.0;0.0;0.0;-1.12068;-33.55000000000001
20;-21.955510006999866;0.0;0.0;0.0;0.0;-1.2225599999999999;-33.55000000000001
21;-18.840380006999894;0.0;0.0;0.0;0.0;-1.3244399999999998;-33.55000000000001
22;-18.727750006999976;0.0;0.0;0.0;0.0;-1.4263199999999998;-33.55000000000001
23;-18.61504000700004;0.0;0.0;0.0;0.0;-1.5281999999999998;-33.55000000000001
24;-18.506590007000028;0.0;0.0;0.0;0.0;-1.6300799999999998;-33.55000000000001
25;-23.04421000700014;0.0;0.0;0.0;0.0;-1.7319599999999997;-33.55000000000001
26;-22.956260006999983;0.0;0.0;0.0;0.0;-1.8338399999999997;-33.55000000000001
27;-22.86868000700003;0.0;0.0;0.0;0.0;-1.9357199999999997;-33.55000000000001
28;-22.76901000700014;0.0;0.0;0.0;0.0;-2.0376;-33.55000000000001
29;-21.638090007000017;0.0;0.0;0.0;0.0;-2.13948;-33.55000000000001
30;-21.525020007000073;8.973361763985304;58.193918947760416;0.0;0.0;-2.24136;-33.55000000000001
31;-21.411650006999977;6.76291941100294;58.19391894776041;0.0;0.0;-2.1540299999999997;0.0
32;-55.0250700070001;7.119669705079419;58.19391894776041;0.0;0.0;-2.0666999999999995;0.0
33;-52.36950000700014;7.4764855873911795;58.19391894776041;0.0;0.0;-1.9793699999999996;0.0
34;-52.444270007000014;7.833284616761783;58.193918947760416;0.0;0.0;-1.8920399999999997;0.0
35;-52.53457000699991;6.976612734367659;58.193918947760416;0.0;0.0;-1.8047099999999998;0.0
36;-52.62536000699981;7.263633440208814;58.193918947760416;0.0;0.0;-1.71738;0.0
37;-49.23640000699998;7.551356557814716;58.19391894776041;0.0;0.0;-1.63005;0.0
38;-49.327440006999936;7.839096763655899;58.193918947760416;0.0;0.0;-1.54272;0.0
39;-49.41697000699983;-5.067101236385297;63.353777840418594;0.0;0.0;-1.4553900000000002;0.0
40;-49.50647000699981;0.653797645926482;64.82666087627166;0.0;0.0;-1.3680600000000003;0.0
41;-48.21304000700003;0.5521266458853038;65.4;0.0;0.0;-1.2807300000000004;0.0
42;-48.2964700070001;0.4501257634911715;65.4;0.0;0.0;-1.1934000000000005;0.0
43;-48.377790007000044;0.34868414580293816;65.4;0.0;0.0;-1.1060700000000006;0.0
44;-48.45906000699988;0.011291498702947322;65.4;0.0;0.0;-1.0187400000000006;0.0
45;-46.187570006999955;-0.10227317780882483;65.4;0.0;0.0;-0.9314100000000006;0.0
46;-46.27836000699986;-0.21648429549704185;65.4;0.0;0.0;-0.8440800000000006;0.0
47;-46.374260006999826;-0.4827637073029276;65.4;0.0;0.0;-0.7567500000000006;0.0
48;-46.47033000699981;-0.6033911779323402;65.4;0.0;0.0;-0.6694200000000006;0.0
49;-37.373560007000094;-0.723417560326463;65.4;0.0;0.0;-0.5820900000000006;0.0
50;-37.466740007000105;-0.8423686780146866;65.4;0.0;0.0;-0.49476000000000053;0.0
51;-37.55887000700004;-0.6508435898205707;65.4;0.0;0.0;-0.4074300000000005;0.0
52;-37.65096000700007;-0.7500750898617552;65.4;0.0;0.0;-0.3201000000000005;0.0
53;-30.85544000699988;-0.8486358251970554;65.4;0.0;0.0;-0.23277000000000048;0.0
54;-30.95100000700002;-0.9469720899441132;65.4;0.0;0.0;-0.14544000000000046;0.0
55;-31.044460007000005;-1.522942325279419;65.4;0.0;0.0;-0.05811000000000045;0.0
56;-31.137860006999915;-1.6494428253205795;65.4;0.0;0.0;0.0;0.0
57;-29.214060006999944;-1.775464060655878;65.4;0.0;0.0;0.0;0.0
58;-29.200520007000023;-1.8997255606970667;65.4;0.0;0.0;0.0;0.0
59;-29.190910006999957;-1.91724267838529;65.4;0.0;0.0;0.0;0.0
60;-29.18137995500001;-2.0328860019558848;65.4;0.0;0.0;0.0;0.0
61;-25.602769954999985;-3.071561742407304;65.4;0.0;0.0;0.0;0.0
62;-25.63947995500007;-6.4829565694296365;65.4;0.0;0.0;0.0;0.0
63;-25.676969955000004;-6.609772125690473;65.4;0.0;0.0;0.0;0.0
64;-25.73062995500004;-7.004136376587726;65.4;0.0;0.0;0.0;0.0
65;-23.595779955000125;-7.402636309578167;65.4;0.0;0.0;0.0;0.0
66;-23.621209955000268;-7.6789005547655975;65.4;0.0;0.0;0.0;0.0
67;-23.645659955000156;-7.71018311413966;65.4;0.0;0.0;0.0;0.0
68;-23.640659955000046;-8.081526572994434;-65.4;0.0;0.0;0.0;0.0
69;-19.816019955;-8.45494436809463;-65.4;-10.0;-10.959375;-0.10188;-19.816019955
70;21.06223500000003;-7.4723787902707155;-65.4;-10.0;-19.815039954999975;-0.20376;-19.815039954999975
71;30.024089955000036;-8.189555697394683;-65.4;-10.0;-19.809749954999916;-0.30564;-19.809749954999916
72;30.12080995499987;-8.475129933584135;-65.4;-10.0;-19.804329954999957;-0.40752;-19.804329954999957
73;31.526529954999916;-8.760345705413473;-65.4;-10.0;-18.489649955000004;-0.5094;-18.489649955000004
74;29.005759955000116;-9.045492249301379;-65.4;-10.0;-18.482939954999893;-0.6112799999999999;-18.482939954999893
75;29.079449954999895;-9.06403517770464;-65.4;-10.0;-18.49770995499989;-0.7131599999999999;-18.49770995499989
76;29.195359954999716;-9.333448734567849;-65.4;-10.0;-18.513219955000068;-0.8150399999999999;-18.513219955000068
77;38.2091899550001;-9.603187806742238;-60.84858235793268;-9.632289955000033;-9.632289955000033;-0.9169199999999998;-9.632289955000033
78;20.178679910000138;-9.857182577359293;-53.37735885576117;-9.635109954999962;-9.635109954999962;-1.0188;-9.635109954999962
79;20.316269910000017;-9.178847933616275;-47.747561891300386;-9.607859954999867;-9.607859954999867;-1.12068;-9.607859954999867
80;20.364349909999653;-9.392379446187867;-42.909180125031945;-9.579909954999948;-9.579909954999948;-1.2225599999999999;-9.579909954999948
81;23.195479909999975;-9.605755639641565;-38.70629211941741;-6.7668099549998715;-6.7668099549998715;-1.3244399999999998;-6.7668099549998715
82;14.881029909999729;-9.850930730067347;-35.00633169662584;-6.743839954999885;-6.743839954999885;-1.4263199999999998;-6.743839954999885
83;14.918449909999676;-9.358824642811204;-31.9912737821937;-6.739389954999979;-6.739389954999979;-1.5281999999999998;-6.739389954999979
84;15.010879909999886;-9.535606125451043;-29.287705273493117;-6.735489955000048;-6.735489955000048;-1.6300799999999998;-6.735489955000048
85;18.63727991000028;-9.712176887502391;-26.84964766792246;-3.1992699549998633;-3.1992699549998633;-1.7319599999999997;-3.1992699549998633
86;8.128539909999672;-9.839544586318194;-24.65091858258595;-3.201229954999917;-3.201229954999917;-1.8338399999999997;-3.201229954999917
87;8.23137990999975;-9.802689638853494;-22.69621629484618;0.0;-3.2061499550000008;-1.9357199999999997;-3.2061499550000008
88;5.136879955000094;-9.950467848049453;-20.907255621642513;0.0;-3.211139954999908;-2.0376;-3.211139954999908
89;6.308529954999928;-10.09801081684723;-19.263899640645867;0.0;0.0;-2.13948;-2.151349954999887
90;2.1414299999998514;-10.255762928475232;-17.746561919533644;0.0;0.0;-2.1493999550000353;-2.1493999550000353
91;2.1576799550000487;-10.035849423264226;-16.402327458083768;0.0;0.0;-2.141119955000022;-2.141119955000022
92;2.149569955000061;-10.071352267353321;-15.182226446201312;0.0;0.0;-2.132669954999983;-2.132669954999983
93;2.6969399550000617;-9.856790995233911;-14.088954787888929;0.0;0.0;-2.045339954999983;-1.5683999549999044
94;2.062879954999809;-9.962166237298655;-13.067007029524126;0.0;0.0;-1.958009954999983;-1.5508599550000781
95;1.9661399550001475;-9.81428158105518;-12.140224816348352;0.0;0.0;-1.870679954999983;-1.5427299549999134
96;1.878479954999844;-9.87347522664978;-11.273284336626924;0.0;0.0;-1.7833499549999832;-1.5349299550000524
97;1.9859399549998562;-9.942956546382959;-10.457660149433414;0.0;0.0;-1.6960199549999833;-1.3323399550001795
98;1.6630999550001069;-10.033143691154644;-9.68808923902244;0.0;0.0;-1.6086899549999834;-1.365259955000056
99;1.5912199549999801;-9.694912904748179;-9.001293431510643;0.0;0.0;-1.5213599549999834;-1.382729955000059
100;1.5045499549999057;-5.517443612132012;-9.008535041892006;0.0;0.0;-1.4340299549999835;-1.3995399550001366
101;1.0051699549999977;-4.522415709375093;-9.228946011711502;0.0;0.0;-1.5359099549999835;-1.8283999550001226
102;1.5365599549999338;-4.21806474102252;-9.492241416210042;0.0;0.0;-1.6377899549999835;-1.8277499550001721
103;1.6541499550000607;-3.8186058305183375;-9.822503444126239;0.0;0.0;-1.7396699549999834;-1.8113899550000951
104;1.7325199550000727;-3.8134325311324506;-10.135202716141757;0.0;0.0;-1.8185399550000056;-1.8185399550000056
105;1.632519954999907;-3.5543399124356974;-10.483943754983262;0.0;0.0;-1.9204199550000056;-2.0045599550001043
106;1.9207399550001072;-3.316234803898313;-10.867016045711951;0.0;0.0;-2.0042399550000027;-2.0042399550000027
107;2.0048899549999533;-2.135551525205271;-11.477735499538325;0.0;0.0;-2.003589955000052;-2.003589955000052
108;2.0310799549999956;-3.684203603645738;-11.746878614338922;0.0;0.0;-1.9760999550001088;-1.9760999550001088
109;4.06072995500017;-3.468705949513156;-12.04396827651734;0.0;0.0;-1.888769955000109;0.10853004499995222
110;1.891439955000189;-3.3560942070316857;-12.358198735171417;0.0;0.0;-1.801439955000109;0.11120004500003233
111;1.8033899549999606;-2.8688896522456595;-12.756220318325896;0.0;0.0;-1.714109955000109;0.1131500449998839
112;1.7076499550002755;-3.5111304302361113;-13.007127848586451;0.0;0.0;-1.6267799550001092;0.1066900450000503
113;1.573059954999997;-3.337999844164984;-13.277914940805578;0.0;0.0;-1.5394499550001093;0.05297004499993818
114;1.5284599550001168;-3.2334407317350546;-13.562675487085302;0.0;0.0;-1.4521199550001094;0.041980044999945676
115;1.4409799550001545;-2.6985855523290825;-13.940467959174688;0.0;0.0;-1.3647899550001095;0.030840044999990823
116;1.34947995500011;-3.5964683501447325;-14.12430294203918;0.0;0.0;-1.2774599550001096;0.015530044999991333
117;10.667069955000285;-3.467825105869556;-14.322156153787855;0.0;0.0;-1.1901299550001097;9.405140045000167
118;1.191479955000112;-3.6838709076154865;-14.466470509436471;0.0;0.0;-1.1027999550001097;9.406490045000169
119;1.1108699549999717;-3.4601675943520744;-14.642928014171513;0.0;0.0;-1.0154699550001098;9.41456004500003
120;3.02369990999993;-3.778304355854961;-14.746052960194918;0.0;0.0;-0.9281399550001098;11.42278999999985
121;2.563159955000277;-3.688395667720605;-14.855688236475585;0.0;0.0;-0.8408099550001098;13.057810000000018
122;2.8488299549999834;-3.6388484233542346;-14.96785937005253;0.0;0.0;-0.7534799550001098;15.065829999999892
123;0.7585999550003706;-3.5071678695317443;-15.094592279191714;0.0;0.0;-0.6661499550001098;15.070950000000153
124;3.6711599549999665;-3.519418340353748;-15.212213620370576;0.0;0.0;-0.5788199550001097;18.07596000000001
125;2.957749954999965;-3.448413706904497;-15.333117753528708;0.0;0.0;-0.4914899550001097;20.454889999999864
126;3.488239955000356;-3.402494443916069;-15.45510643072062;0.0;0.0;-0.4041599550001097;23.45164000000011
127;0.4025999549999568;-3.316557971363358;-15.583572106197321;0.0;0.0;-0.3168299550001097;23.450079999999957
128;-0.6846900449996909;-3.2728777462046246;-15.680138254825522;0.0;0.0;-0.22949995500010967;22.448560000000157
129;15.348729954999897;-3.202722266587653;-15.781565106396249;0.0;0.0;-0.14216995500010965;26.44999999999999
130;8.26124995500022;-3.1780834437403573;-15.882189734511247;0.0;0.0;-0.054839955000109644;26.44999999999999
131;8.172919955000015;-3.5936446188052598;-15.919345959342412;0.0;0.0;0.0;26.44999999999999
132;5.116990000000158;-3.6030037348706427;-15.94892670870037;0.0;0.0;0.0;26.44999999999999
133;7.183580000000063;-3.5865880953517757;-15.977320015675064;0.0;0.0;0.0;26.44999999999999
134;9.16972000000004;-3.585098926162366;-16.00155522128584;0.0;0.0;0.0;26.44999999999999
135;9.158139999999946;-3.5632719082431743;-16.025182970050942;0.0;0.0;0.0;26.44999999999999
136;9.146660000000054;-3.5282384867199825;-16.05054441778623;0.0;0.0;0.0;26.44999999999999
137;64.19373999999988;-3.5118804545551066;-16.07880296317461;0.0;0.0;0.0;26.44999999999999
138;65.18806000000012;-3.599424617015279;-16.088024371677122;0.0;0.0;0.0;26.44999999999999
139;65.18851999999987;-3.2065603943510634;-16.159652336272313;0.0;0.0;0.0;26.44999999999999
140;65.18916999999982;-3.4064948084020856;-16.193093325795758;0.0;0.0;0.0;26.44999999999999
141;80.83675999999986;-3.3956208942192405;-16.224538137471782;0.0;0.0;0.0;26.44999999999999
142;80.84976000000023;-3.425279985670524;-16.247001569491108;0.0;0.0;0.0;26.44999999999999
143;80.8615099999999;-3.3461009961289125;-16.278612403337895;0.0;0.0;0.0;26.44999999999999
144;81.87320000000017;-3.338607436546598;-16.307626607411795;0.0;0.0;0.0;26.44999999999999
145;100.44353999999993;-3.3297499345957635;-16.33463688767637;0.0;0.0;0.0;26.44999999999999
146;101.44548999999978;-3.366731081377352;-16.351941369444337;0.0;0.0;0.0;26.44999999999999
147;101.44891999999999;-2.2913261433237864;-16.538212828202578;0.0;0.0;0.0;26.44999999999999
148;102.45241999999979;-3.1960940460865714;-16.574533979251786;0.0;0.0;0.0;26.44999999999999
149;125.76255000000009;-3.154744448489977;-16.614405422399688;0.0;0.0;0.0;26.44999999999999
150;127.77598999999981;-2.9526594067664176;-16.682594557542608;0.0;0.0;0.0;26.44999999999999
151;127.76826;-2.9291781619537205;-16.750514182069143;0.0;0.0;0.0;26.44999999999999
152;130.7598100000002;-2.8717235309625497;-16.823655958754202;0.0;0.0;0.0;26.44999999999999
153;136.90028;-3.0535404495136333;-16.864498159179092;0.0;0.0;0.0;26.44999999999999
154;139.88966999999997;-2.7414061042991986;-16.950327227348524;0.0;0.0;0.0;26.44999999999999
155;139.89359999999982;-2.7713588333349826;-17.02735205675486;0.0;0.0;0.0;26.44999999999999
156;141.89814999999993;-2.6859578791585195;-17.11379069224093;0.0;0.0;0.0;26.44999999999999
157;149.2132199999998;-2.9675204288079295;-17.153352863941578;0.0;0.0;0.0;26.44999999999999
158;152.20994999999988;-3.06591083392999;-17.180014732390205;0.0;0.0;0.0;26.44999999999999
159;152.21026;-1.4044266340118803;-17.450662467155805;0.0;0.0;0.0;26.44999999999999
160;152.21069000000006;-2.0317031822006264;-17.62160468798997;0.0;0.0;0.0;26.44999999999999
161;162.75555000000003;-1.9758971950138227;-17.796931774183832;0.0;0.0;0.0;26.44999999999999
162;162.74811999999991;-2.1809292553086532;-17.93548974682883;0.0;0.0;0.0;26.44999999999999
163;165.74880000000002;-1.9159895838383711;-18.11008968674522;0.0;0.0;0.0;26.44999999999999
164;170.74966000000012;-1.6497733482896058;-18.320794491697256;0.0;0.0;0.0;26.44999999999999
165;177.93079000000006;-1.576081597498221;-18.53860280267345;0.0;0.0;0.0;26.44999999999999
166;180.9251900000001;-1.5045500321301137;-18.763091898900665;0.0;0.0;0.0;26.44999999999999
167;180.9193400000001;4.233219068055676;-19.86060422703459;0.0;0.0;0.0;26.44999999999999
168;183.91914000000014;4.7322562029017865;-21.052808642498945;0.0;0.0;0.0;26.44999999999999
169;191.01413999999994;5.145432751711223;-22.33231435012286;0.0;0.0;0.0;26.44999999999999
170;193.03712999999988;5.5096927265370494;-23.69652545476511;0.0;0.0;0.0;26.44999999999999
171;193.06450999999987;7.543383359714959;-25.439772707046142;0.0;0.0;0.0;26.44999999999999
172;193.09202999999997;8.039150779186773;-27.32426449133299;10.0;0.0;0.0;26.44999999999999
173;192.3319400000002;8.538974543860956;-29.363842056489236;10.0;0.0;0.0;26.44999999999999
174;192.3265199999998;9.130772971323879;-31.59190630551404;10.0;0.0;0.0;26.44999999999999
175;195.3246299999998;11.542944228402904;-34.40569388625399;10.0;0.0;0.0;26.44999999999999
176;195.31464000000022;12.255657558711166;-37.52171698597411;10.0;0.0;0.0;26.44999999999999
177;213.20622999999995;12.876142470495147;-40.962538863750055;10.0;0.0;0.0;26.44999999999999
178;213.18903999999992;13.485303144997715;-44.76900758917721;10.0;0.0;0.0;26.44999999999999
179;215.1714899999999;16.594152906419346;-49.68123916745045;10.0;0.0;0.0;26.44999999999999
180;215.16228002299994;17.55574247164371;-55.31266663587668;10.0;0.0;0.0;26.44999999999999
181;222.71554002300007;18.304324655280954;-61.74409994008851;10.0;0.0;0.0;26.44999999999999
182;225.71748002300018;19.378807729531236;-65.4;10.0;0.0;0.0;26.44999999999999
183;225.71986002300008;20.791406300823034;-65.4;10.0;0.0;0.0;26.44999999999999
184;228.72515002300014;21.940042327914828;-65.4;10.0;0.0;0.0;26.44999999999999
185;248.45257002299985;22.749157824433993;-65.4;10.0;0.0;0.0;26.44999999999999
186;250.46108002299997;23.797621376565917;-65.4;10.0;0.0;0.0;26.44999999999999
187;250.46975002300013;25.3928491244203;-65.4;10.0;0.0;0.0;26.44999999999999
188;253.46853002300003;26.623844992055737;-65.4;10.0;0.0;0.0;26.44999999999999
189;273.528800023;27.546813977458363;-65.4;10.0;0.0;0.0;26.44999999999999
190;276.50473002300004;28.289212344136985;-65.4;10.0;0.0;0.0;26.44999999999999
191;276.4794000230001;30.342903557238834;-65.4;10.0;0.0;0.0;26.44999999999999
192;279.48231002300025;31.305730753747245;-65.4;10.0;0.0;0.0;26.44999999999999
193;308.72442002299994;32.604695331689456;-65.4;10.0;0.0;0.0;26.44999999999999
194;315.8450300229999;34.08003847877523;-65.4;10.0;0.0;0.0;26.44999999999999
195;315.86431002299986;35.80754812855014;65.4;10.0;0.0;0.0;26.44999999999999
196;321.8673000229998;37.16456552684097;65.4;0.0;0.0;0.0;0.0
197;347.67847002300016;38.23013666921483;65.4;0.0;0.0;0.0;0.0
198;354.68567002299994;39.02136861497295;65.4;0.0;0.0;0.0;0.0
199;380.9889400229998;40.7573407977502;65.4;0.0;0.0;0.0;0.0
200;382.99220002300024;42.01883267535568;65.4;0.0;0.0;0.0;0.0
201;386.37746002300025;43.089399132348845;65.4;0.0;0.0;0.0;0.0
202;389.3900600230003;43.98614519818915;65.4;0.0;0.0;0.0;0.0
203;409.11005002299987;44.94832838524522;65.4;0.0;0.0;0.0;0.0
204;412.0949100229999;45.980393228415856;65.4;0.0;0.0;0.0;0.0
205;408.2704400229999;47.30920498121315;65.4;0.0;0.0;0.0;0.0
206;411.247160023;48.155122834329624;65.4;0.0;0.0;0.0;0.0
207;421.1435300229999;51.004546584277854;65.4;0.0;0.0;0.0;0.0
208;423.16519002300026;52.12096576948413;65.4;0.0;0.0;0.0;0.0
209;442.4232500229999;53.44064495022359;65.4;0.0;0.0;0.0;0.0
210;442.44747002300016;54.306057546886095;65.4;0.0;0.0;0.0;0.0
211;459.3387100230001;56.15265966291643;65.4;0.0;0.0;0.0;0.0
212;459.34364002300015;57.5914453060794;65.4;0.0;0.0;0.0;0.0
213;456.7097600230003;58.701159138834335;65.4;0.0;0.0;0.0;0.0
214;463.71125002299993;60.07888356410412;65.4;0.0;0.0;0.0;0.0
215;472.8384400230001;63.214545112622154;65.4;0.0;0.0;0.0;0.0
216;474.8255100230002;64.67043882736334;65.4;0.0;0.0;0.0;0.0
217;473.766080023;65.90288315110604;65.4;0.0;0.0;0.0;0.0
218;485.8776600230002;67.38073193380592;65.4;0.0;0.0;0.0;0.0
219;486.87668002299995;70.66066121742332;65.4;0.0;0.0;0.0;0.0
220;489.877650023;72.32437752793156;65.4;0.0;0.0;0.0;0.0
221;490.05196002300033;73.70980499633548;65.4;0.0;0.0;0.0;0.0
222;497.86396002300023;75.26746097545066;65.4;0.0;0.0;0.0;0.0
223;497.8680800230003;79.64408953737336;65.4;0.0;0.0;0.0;0.0
224;499.87385002300005;81.87525120887491;65.4;0.0;0.0;0.0;0.0
225;499.180700023;83.39148197132967;65.4;0.0;0.0;0.0;0.0
226;516.8769900229998;85.48915948705415;65.4;0.0;0.0;0.0;0.0
227;517.8673500230001;89.68920314837395;65.4;0.0;0.0;0.0;0.0
228;520.8557000230002;92.12739379251873;65.4;0.0;0.0;0.0;0.0
229;520.0081700230002;96.61513614136001;65.4;0.0;0.0;0.0;0.0
230;519.0786300230001;98.6542250131802;65.4;0.0;0.0;0.0;0.0
231;519.0671000229999;100.88599443298699;65.4;0.0;0.0;0.0;0.0
232;522.0709900230003;103.11154863504737;65.4;0.0;0.0;0.0;0.0
233;523.696540023;107.08629822174406;65.4;0.0;0.0;0.0;0.0
234;518.3001500230001;109.44230262792837;65.4;0.0;0.0;0.0;0.0
235;518.3040300229999;111.10205099194171;65.4;0.0;0.0;0.0;0.0
236;521.3070600230002;113.40280652794543;65.4;0.0;0.0;0.0;0.0
237;524.9486000230003;116.4752822197822;65.4;0.0;0.0;0.0;0.0
238;500.268950023;118.58412069957383;65.4;0.0;0.0;0.0;0.0
239;502.281280023;122.6408228036774;65.4;0.0;0.0;0.0;0.0
240;502.2943800270001;124.80336250126908;65.4;0.0;0.0;0.0;0.0
241;506.67954002700014;128.7413554696878;65.4;0.0;0.0;0.0;0.0
242;495.20282002700003;130.93431658995593;65.4;0.0;0.0;0.0;0.0
243;498.1872600270002;132.88678324645437;65.4;0.0;0.0;0.0;0.0
244;501.1734900270002;135.84104440906438;65.4;0.0;0.0;0.0;0.0
245;507.086840027;139.0211958116641;65.4;0.0;0.0;0.0;0.0
246;500.46853002700016;141.33095583731014;65.4;0.0;0.0;0.0;0.0
247;502.47005002699996;143.49326642497135;65.4;0.0;0.0;0.0;0.0
248;505.4853400269998;147.01962239867808;65.4;0.0;0.0;0.0;0.0
249;510.31350002700026;149.44077106441128;65.4;0.0;0.0;0.0;0.0
250;513.340280027;151.8796778916224;65.4;0.0;0.0;0.0;0.0
251;513.3675800269999;154.19233894086764;65.4;0.0;0.0;0.0;0.0
252;516.382230027;157.31111895144412;65.4;0.0;0.0;0.0;0.0
253;535.1782100270001;159.64622057139795;65.4;0.0;0.0;0.0;0.0
254;537.176430027;161.88804759618557;65.4;0.0;0.0;0.0;0.0
255;537.1740400269999;164.05895527991706;65.4;0.0;0.0;0.0;0.0
256;541.172750027;168.1792875473945;65.4;0.0;0.0;0.0;0.0
257;549.958330027;170.6152137328445;65.4;0.0;0.0;0.0;0.0
258;552.9568400270001;173.03388168262597;65.4;0.0;0.0;0.0;0.0
259;552.955530027;175.23191924499125;65.4;0.0;0.0;0.0;0.0
260;552.950870027;177.1912035692604;65.4;0.0;0.0;0.0;0.0
261;553.8601000269999;179.4651898258768;65.4;0.0;0.0;0.0;0.0
262;553.853670027;182.01768973860158;65.4;0.0;0.0;0.0;0.0
263;561.8457100269999;184.4334833977425;65.4;0.0;0.0;0.0;0.0
264;564.8377000270001;185.94283662492344;65.4;0.0;0.0;0.0;0.0
265;571.2090100270001;188.11961118194125;65.4;0.0;0.0;0.0;0.0
266;575.2032600270003;190.66295915855798;65.4;0.0;0.0;0.0;0.0
267;575.1905200270002;193.2139517300344;65.4;0.0;0.0;0.0;0.0
268;577.1776500270001;192.77797287055154;65.4;0.0;0.0;0.0;0.0
269;585.171290027;195.0256479847096;65.4;0.0;0.0;0.0;0.0
270;588.199250027;196.86643694101323;65.4;0.0;0.0;0.0;0.0
271;588.207320027;199.32849230875127;65.4;0.0;0.0;0.0;0.0
272;591.1905400270001;199.9880140768595;65.4;0.0;0.0;0.0;0.0
273;593.014780027;202.2251455177573;65.4;0.0;0.0;0.0;0.0
274;596.015880027;204.49187376451215;65.4;0.0;0.0;0.0;0.0
275;596.0178300269998;206.96287824354076;65.4;0.0;0.0;0.0;0.0
276;592.908420027;208.1380118969081;65.4;0.0;0.0;0.0;0.0
277;595.6537700270002;210.23244209553474;65.4;0.0;0.0;0.0;0.0
278;598.649770027;212.4445964126266;65.4;0.0;0.0;0.0;0.0
279;599.735000027;214.70797078946288;65.4;0.0;0.0;0.0;0.0
280;592.362580027;216.90733800109808;65.4;0.0;0.0;0.0;0.0
281;593.192280027;218.79966970395924;65.4;0.0;0.0;0.0;0.0
282;596.186810027;220.99833269674505;65.3488191639794;0.0;0.0;0.0;0.0
283;596.1811800270001;224.7426908785159;65.25076563857446;0.0;0.0;0.0;0.0
284;618.7142600270003;226.93075948278863;65.15794522804941;0.0;0.0;0.0;0.0
285;619.6552400270001;228.92050307997582;65.06799678445171;0.0;0.0;0.0;0.0
286;618.6555100270001;231.3162238621259;64.98040145001461;0.0;0.0;0.0;0.0
287;618.656160027;234.0147863919272;64.89507111395206;0.0;0.0;0.0;0.0
288;615.804960027;236.3184585050697;64.81174942855836;0.0;0.0;0.0;0.0
289;617.364860027;238.31841151785196;64.73098503994127;0.0;0.0;0.0;0.0
290;612.379090027;240.32649646492834;64.65195471614318;0.0;0.0;0.0;0.0
291;612.381250027;242.4402788185007;64.57508733140033;0.0;0.0;0.0;0.0
292;613.4649600269998;244.42122947712986;64.50045696001096;0.0;0.0;0.0;0.0
293;615.428610027;247.18346731082653;64.42781503172172;0.0;0.0;0.0;0.0
294;614.4383800270001;249.47706411231738;64.35694754922159;0.0;0.0;0.0;0.0
295;618.002560027;252.21523152498554;64.28813617060968;0.0;0.0;0.0;0.0
296;610.970050027;254.66859619354005;64.22030460171612;0.0;0.0;0.0;0.0
297;612.2988100269998;256.68243213032986;64.15439364456743;0.0;0.0;0.0;0.0
298;613.2827500269999;258.88631428249226;64.09024627862016;0.0;0.0;0.0;0.0
299;613.2662800269999;262.01267915506827;64.02746222959831;0.0;0.0;0.0;0.0
300;607.3618200290001;264.4011985824723;63.96564759418456;0.0;0.0;0.0;0.0
301;609.0573300290001;266.52532223133693;63.90553607171935;0.0;0.0;0.0;0.0
302;609.077380029;268.88097672634024;63.84686305861224;0.0;0.0;0.0;0.0
303;611.0977500289999;271.30594506031883;63.789743335455285;0.0;0.0;0.0;0.0
304;604.0639000290001;273.6965110352272;63.73335087357561;0.0;0.0;0.0;0.0
305;610.1261500290001;275.7797881834098;63.67885036017208;0.0;0.0;0.0;0.0
306;610.109070029;277.50842761211265;63.62573719809351;0.0;0.0;0.0;0.0
307;611.0917300290001;279.94033542299223;63.57390312131459;0.0;0.0;0.0;0.0
308;610.6022400289997;282.3126485386047;63.52319617784035;0.0;0.0;0.0;0.0
309;610.0594900290001;284.4814494349715;63.473617159877655;0.0;0.0;0.0;0.0
310;610.062140029;285.76770827038183;63.42533826009912;0.0;0.0;0.0;0.0
311;604.0587600289999;287.84821081764017;63.37768191652775;0.0;0.0;0.0;0.0
312;604.0697900289998;290.17511324249796;63.33106621272387;0.0;0.0;0.0;0.0
313;609.0300500290001;292.16812508337614;63.28590860323972;0.0;0.0;0.0;0.0
314;612.039620029;296.30921613719534;63.24166887856174;0.0;0.0;0.0;0.0
315;603.5167400290001;298.4983191876289;63.19772586951991;0.0;0.0;0.0;0.0
316;606.507200029;300.50072326170795;63.15499577526381;0.0;0.0;0.0;0.0
317;598.523350029;302.5467307220573;63.112628555894936;0.0;0.0;0.0;0.0
318;595.0010400290001;304.25390185084177;63.070998288321064;0.0;0.0;0.0;0.0
319;564.764140029;306.42316162528334;63.028522011436486;0.0;0.0;0.0;0.0
320;564.764140029;307.9454925005671;62.98703890243324;0.0;0.0;0.0;0.0
321;561.3056400290001;309.9393571590101;62.946281043619315;0.0;0.0;0.0;0.0
322;561.315390029;312.02187767297806;62.90637995776951;0.0;0.0;0.0;0.0
323;564.0154600289999;314.20259484758094;62.86742504887988;0.0;0.0;0.0;0.0
324;566.015250029;315.9987077502879;62.82940613877193;0.0;0.0;0.0;0.0
325;570.321270029;318.2898260955237;62.79235514971675;0.0;0.0;0.0;0.0
326;573.3337200290001;319.45181810254127;62.756321632917235;0.0;0.0;0.0;0.0
327;572.1929800289998;321.4463724366725;62.720963230728906;0.0;0.0;0.0;0.0
328;575.1858300289999;323.44406087749394;62.68646532464321;0.0;0.0;0.0;0.0
329;580.8293900289999;325.3131441435753;62.6529452702076;0.0;0.0;0.0;0.0
330;586.8388400289999;326.4680884406896;62.62050166503417;0.0;0.0;0.0;0.0
331;606.4315900290002;328.42821476947995;62.58990367760927;0.0;0.0;0.0;0.0
332;608.4482700289999;330.23900796119403;62.56005533297005;0.0;0.0;0.0;0.0
333;613.4401700290001;332.2195054855182;62.53113384474921;0.0;0.0;0.0;0.0
334;619.4595200289999;333.2588434411537;62.50330767495117;0.0;0.0;0.0;0.0
335;645.7789600289999;335.5942106494348;62.478206623469966;0.0;0.0;0.0;0.0
336;648.7738500290001;337.3569952900264;62.4538610950733;0.0;0.0;0.0;0.0
337;649.161220029;339.2468461243987;62.43000350850669;0.0;0.0;0.0;0.0
338;652.148000029;340.90836871690743;62.406872209501344;0.0;0.0;0.0;0.0
339;664.629520029;342.5533587173945;62.385315121844094;0.0;0.0;0.0;0.0
340;666.6232400289999;344.258295192712;62.36434075390596;0.0;0.0;0.0;0.0
341;666.496760029;345.42307172785524;62.34377721776744;0.0;0.0;0.0;0.0
342;684.8561500290001;347.0823380936293;62.32556230182385;0.0;0.0;0.0;0.0
343;684.8427100289999;349.21354595701956;62.30764680566005;0.0;0.0;0.0;0.0
344;694.501180029;351.193808925085;62.29122166478181;0.0;0.0;0.0;0.0
345;694.6300100289999;351.77176187510736;62.27516008987875;0.0;0.0;0.0;0.0
346;709.0567200290001;353.66135758398514;62.26165014549165;0.0;0.0;0.0;0.0
347;709.0349000290001;354.4451777871909;62.24840428282422;0.0;0.0;0.0;0.0
348;708.0130100290002;355.62504291196257;62.23521262296686;0.0;0.0;0.0;0.0
349;705.2066700290001;354.0570021152168;62.22187182883712;0.0;0.0;0.0;0.0
350;708.1762100290001;355.3661091277193;62.20929551055274;0.0;0.0;0.0;0.0
351;705.1941700289998;356.3730293517561;62.19641812602123;0.0;0.0;0.0;0.0
352;701.2123900290002;357.65913606355423;62.183074715365656;0.0;0.0;0.0;0.0
353;701.205790029;359.2013898804692;62.16994742739694;0.0;0.0;0.0;0.0
354;707.3587700290001;360.66508021458964;62.15808876094486;0.0;0.0;0.0;0.0
355;707.3610300290001;362.40470391684875;62.14641093600454;0.0;0.0;0.0;0.0
356;707.363200029;363.97497371824335;62.134916245124884;0.0;0.0;0.0;0.0
357;707.346920029;365.2381859759532;62.12360846544605;0.0;0.0;0.0;0.0
358;710.957250029;366.8276644234777;62.113086979907855;0.0;0.0;0.0;0.0
359;710.9581700289999;368.695559775701;62.10271512188329;0.0;0.0;0.0;0.0
360;710.9838099689999;370.63580534626027;62.09249163165665;0.0;0.0;0.0;0.0
361;714.0284599689998;374.0722012032363;62.08286675531759;0.0;0.0;0.0;0.0
362;709.3109299689999;375.72486703167436;62.0726026113937;0.0;0.0;0.0;0.0
363;710.6319499689997;377.6995107046422;62.06269753722301;0.0;0.0;0.0;0.0
364;709.6244799689997;379.78116411871355;62.05275823684629;0.0;0.0;0.0;0.0
365;714.8704799689998;384.0731747088304;62.04374104782825;0.0;0.0;0.0;0.0
366;711.6888099689999;385.97942038790643;62.034331402470244;0.0;0.0;0.0;0.0
367;714.6831299689999;387.68006675949005;62.02553916530065;0.0;0.0;0.0;0.0
368;714.6783599689999;389.6271284367692;62.01686378460141;0.0;0.0;0.0;0.0
369;713.4055599689997;392.58154672227334;62.00807460393008;0.0;0.0;0.0;0.0
370;704.943179969;394.52168746523546;61.99804979270855;0.0;0.0;0.0;0.0
371;704.9613199689999;396.2394527181387;61.98817070359168;0.0;0.0;0.0;0.0
372;704.9801699689998;399.90500683855805;61.97837911714584;0.0;0.0;0.0;0.0
373;703.9485199689997;401.72948164385275;61.96856452711623;0.0;0.0;0.0;0.0
374;703.957399969;404.49117258106475;61.95886117600045;0.0;0.0;0.0;0.0
375;706.9712099689999;406.33168762301085;61.949757136576586;0.0;0.0;0.0;0.0
376;706.9852899689998;409.777507914061;61.940738050469726;0.0;0.0;0.0;0.0
377;708.7066399689996;411.6824207566994;61.932110099992926;0.0;0.0;0.0;0.0
378;709.2146599689999;413.5869714266342;61.92367595969756;0.0;0.0;0.0;0.0
379;709.1999099689996;415.25643755933015;61.91535651854082;0.0;0.0;0.0;0.0
380;709.1837499689999;417.77990397733066;61.90712958589309;0.0;0.0;0.0;0.0
381;711.6286399689999;419.4212224196541;61.899388945751504;0.0;0.0;0.0;0.0
382;711.6104399689999;420.96549187248144;61.89175319390314;0.0;0.0;0.0;0.0
383;708.1181999689996;422.86088595025063;61.883688505367324;0.0;0.0;0.0;0.0
384;705.1312599689999;425.3563821983061;61.87526713755515;0.0;0.0;0.0;0.0
385;718.2493399689998;427.253925429491;61.86901577950307;0.0;0.0;0.0;0.0
386;718.2574899689997;429.11445784140204;61.86284364279623;0.0;0.0;0.0;0.0
387;718.2652799689998;430.98030416250646;61.85674915092366;0.0;0.0;0.0;0.0
388;718.2684099689997;433.2417542025113;61.85072339749307;0.0;0.0;0.0;0.0
389;719.0672499689998;435.11186768028404;61.844925101120516;0.0;0.0;0.0;0.0
390;718.0727499689998;436.9465208325877;61.8390068434536;0.0;0.0;0.0;0.0
391;718.0783899689999;439.07366981910826;61.83315714010161;0.0;0.0;0.0;0.0
392;718.071689969;440.2542518904356;61.82738748727054;0.0;0.0;0.0;0.0
393;711.9058899689998;442.19210440083623;61.82071231489043;0.0;0.0;0.0;0.0
394;711.8790299689998;443.8551637753091;61.81411844042737;0.0;0.0;0.0;0.0
395;711.8686999689997;446.1334051548274;61.807596179308135;0.0;0.0;0.0;0.0
396;711.8593799690001;447.3351693049641;61.80116274173849;0.0;0.0;0.0;0.0
397;694.2731199689998;449.37432775129554;61.792661783705334;0.0;0.0;0.0;0.0
398;694.2776999689999;451.1323214164625;61.784269175498416;0.0;0.0;0.0;0.0
399;694.280809969;452.72438443915144;61.77598621741784;0.0;0.0;0.0;0.0
400;694.2838399689998;453.4537048011274;61.767828218116335;0.0;0.0;0.0;0.0
401;669.276109969;455.09327315550905;61.75771932097576;0.0;0.0;0.0;0.0
402;670.2857099689999;456.7445003059676;61.7478067028263;0.0;0.0;0.0;0.0
403;666.9112299689999;458.0770864538708;61.737808073691255;0.0;0.0;0.0;0.0
404;667.835279969;459.6786782423284;61.72799818840398;0.0;0.0;0.0;0.0
405;667.772419969;461.482442959528;61.718304883517824;0.0;0.0;0.0;0.0
406;668.7674399689998;463.073721925139;61.70879905505981;0.0;0.0;0.0;0.0
407;668.7672099689997;464.6647535266249;61.699413496754985;0.0;0.0;0.0;0.0
408;643.967209969;466.2793623931471;61.688639221368284;0.0;0.0;0.0;0.0
409;643.8026799689998;467.83197696660847;61.677992523585004;0.0;0.0;0.0;0.0
410;643.797909969;469.3973562679037;61.66748011257442;0.0;0.0;0.0;0.0
411;648.5778599689999;471.118251709637;61.65737615818178;0.0;0.0;0.0;0.0
412;656.1821599689998;472.6759409052312;61.647844830157275;0.0;0.0;0.0;0.0
413;660.7447799689998;473.87623680008335;61.63871305840909;0.0;0.0;0.0;0.0
414;661.7468799689999;475.0627771632337;61.62976032936317;0.0;0.0;0.0;0.0
415;661.749269969;477.81669239663233;61.62089271964969;0.0;0.0;0.0;0.0
416;687.5473699689998;479.3450957861909;61.61392565261323;0.0;0.0;0.0;0.0
417;687.5181799689998;480.86615797637364;61.60703947421306;0.0;0.0;0.0;0.0
418;683.2280699689999;482.3752949558341;61.599904243412006;0.0;0.0;0.0;0.0
419;683.2207099689998;483.9146621917542;61.592852863096674;0.0;0.0;0.0;0.0
420;695.129979983;485.30110195590396;61.5868388694654;0.0;0.0;0.0;0.0
421;693.8923499830001;486.7772969683946;61.5807918055054;0.0;0.0;0.0;0.0
422;693.9014399830002;488.21135292058466;61.574816361737476;0.0;0.0;0.0;0.0
423;692.911399983;489.0962725317709;61.56883603896671;0.0;0.0;0.0;0.0
424;677.3084199829999;490.49197352675066;61.56175181000344;0.0;0.0;0.0;0.0
425;677.4976299829999;491.90610653566176;61.55476423170633;0.0;0.0;0.0;0.0
426;677.506039983;493.2471724889096;61.54786004415422;0.0;0.0;0.0;0.0
427;677.5141199830001;492.8762051488318;61.54106366125343;0.0;0.0;0.0;0.0
428;674.139439983;494.11933943032136;61.53411703188124;0.0;0.0;0.0;0.0
429;671.634559983;495.37929771312895;61.52708285832079;0.0;0.0;0.0;0.0
430;667.0432799829999;496.6460060111024;61.51986389111698;0.0;0.0;0.0;0.0
431;667.049539983;495.41754174166283;61.51276854628021;0.0;0.0;0.0;0.0
432;655.4564799830001;496.6222356179345;61.505131483599754;0.0;0.0;0.0;0.0
433;654.4102799830001;497.37072127487846;61.49753640278226;0.0;0.0;0.0;0.0
434;654.4096299830002;498.5649409635534;61.4900295263637;0.0;0.0;0.0;0.0
435;624.9520699829999;499.62747206483056;61.481151711013105;0.0;0.0;0.0;0.0
436;624.935469983;500.76829976586396;61.47237722208259;0.0;0.0;0.0;0.0
437;617.1661399829999;501.82379147240084;61.46336839758148;0.0;0.0;0.0;0.0
438;617.147719983;500.31702932544704;61.454513074083486;0.0;0.0;0.0;0.0
439;601.757119983;501.18860300943675;61.44518525305568;0.0;0.0;0.0;0.0
440;602.7725899830001;502.0725388184972;61.43600413986316;0.0;0.0;0.0;0.0
441;587.5923999830001;503.43854423161326;61.42643816128221;0.0;0.0;0.0;0.0
442;587.5870799829999;505.09819178144136;61.416970075445306;0.0;0.0;0.0;0.0
443;583.6303699829999;506.4961341187147;61.40749178613771;0.0;0.0;0.0;0.0
444;580.1953099830001;507.58201888873737;61.398029542338804;0.0;0.0;0.0;0.0
445;564.6796599830001;508.56524248764197;61.38829536357288;0.0;0.0;0.0;0.0
446;562.681059983;512.0355938183554;61.37857785031867;0.0;0.0;0.0;0.0
447;561.7325799829999;513.1089631904442;61.36894839651587;0.0;0.0;0.0;0.0
448;555.7283699830001;513.7353018425302;61.35931370434548;0.0;0.0;0.0;0.0
449;553.086819983;514.7695560475424;61.349734604320346;0.0;0.0;0.0;0.0
450;550.0934699830001;517.018489657128;61.340181674317115;0.0;0.0;0.0;0.0
451;542.1278399830002;517.9908078742965;61.33059707894695;0.0;0.0;0.0;0.0
452;539.1329699830002;519.0667896996406;61.32107003036961;0.0;0.0;0.0;0.0
453;530.8009499829999;520.0356277222952;61.31152368913977;0.0;0.0;0.0;0.0
454;528.8122899829999;519.5424618626873;61.30208175393567;0.0;0.0;0.0;0.0
455;527.8740899830001;520.5253945393878;61.292729706109256;0.0;0.0;0.0;0.0
456;524.865909983;521.4807210323308;61.28343573350951;0.0;0.0;0.0;0.0
457;519.0485899830002;522.4352662044809;61.27415589574091;0.0;0.0;0.0;0.0
458;514.958529983;523.2099837100423;61.26491850996802;0.0;0.0;0.0;0.0
459;514.0080099830001;523.8904130330311;61.255772018163654;0.0;0.0;0.0;0.0
460;514.008659983;524.3322868601107;61.246733135522334;0.0;0.0;0.0;0.0
461;502.486969983;525.2123229604362;61.23762189949351;0.0;0.0;0.0;0.0
462;502.4925999830001;525.1477530115368;61.22862584347515;0.0;0.0;0.0;0.0
463;495.5365399830001;525.8574488668696;61.21962704125208;0.0;0.0;0.0;0.0
464;492.5339199829999;526.708496927861;61.21067993739732;0.0;0.0;0.0;0.0
465;485.8240499829998;524.47692495231;61.20178334679061;0.0;0.0;0.0;0.0
466;481.4955799830001;525.1092916272928;61.192922003454136;0.0;0.0;0.0;0.0
467;481.4977299829999;524.9291753811168;61.18417118635262;0.0;0.0;0.0;0.0
468;477.48176998299994;525.5033188243682;61.17545795595494;0.0;0.0;0.0;0.0
469;469.51588998299974;524.7524762719111;61.16674752440242;0.0;0.0;0.0;0.0
470;467.0054699830001;525.3639955436036;61.15809373597768;0.0;0.0;0.0;0.0
471;466.9952899829999;524.3078883983977;61.14956004019023;0.0;0.0;0.0;0.0
472;463.9885499830001;524.6697805538976;61.14107713330655;0.0;0.0;0.0;0.0
473;443.76361998300024;524.5866174870117;61.132402947784946;0.0;0.0;0.0;0.0
474;439.20435998300024;524.5510565299485;61.12376374811618;0.0;0.0;0.0;0.0
475;439.20331998300014;523.2755995734127;61.115245762097146;0.0;0.0;0.0;0.0
476;436.203109983;523.3045156211388;61.10678098525087;0.0;0.0;0.0;0.0
477;420.4004299830002;523.167964263538;61.098188579230396;0.0;0.0;0.0;0.0
478;417.4170499830001;522.7317251291445;61.089657333969804;0.0;0.0;0.0;0.0
479;417.4221399830002;522.6460272196213;61.08122346707133;0.0;0.0;0.0;0.0
480;414.4264800489999;522.4629004228728;61.0728441133497;0.0;0.0;0.0;0.0
481;402.1116300489997;521.6191889568006;61.06439892937964;0.0;0.0;0.0;0.0
482;398.600800049;521.3585039951854;61.0560021296768;0.0;0.0;0.0;0.0
483;398.61215004899975;520.51439887851;61.04771141687537;0.0;0.0;0.0;0.0
484;395.62115004899977;520.2789750249034;61.03947330286292;0.0;0.0;0.0;0.0
485;390.8945600489998;520.2847901119849;61.03125849171549;0.0;0.0;0.0;0.0
486;387.41016004899996;519.9229498547969;61.023090766589995;0.0;0.0;0.0;0.0
487;387.40206004899994;519.25129810078;61.015021024946236;0.0;0.0;0.0;0.0
488;384.3920200489998;518.7176938562978;61.007004976236544;0.0;0.0;0.0;0.0
489;383.8741500489999;518.4961150764814;60.999070048083105;0.0;0.0;0.0;0.0
490;383.3717600489998;518.3720085360146;60.99121355952727;0.0;0.0;0.0;0.0
491;380.3865800489997;517.0823372417562;60.983419344419374;0.0;0.0;0.0;0.0
492;378.40262004899967;516.8638229850927;60.975683162448206;0.0;0.0;0.0;0.0
493;379.01448004899964;516.0207594623181;60.96804742641017;0.0;0.0;0.0;0.0
494;377.0048500490001;515.4644256946895;60.96047195136545;0.0;0.0;0.0;0.0
495;373.99440004899986;514.490075136153;60.9529487097375;0.0;0.0;0.0;0.0
496;373.98356004899995;514.0337212398429;60.94550795222377;0.0;0.0;0.0;0.0
497;366.9382100490001;513.7160145528927;60.938055345450586;0.0;0.0;0.0;0.0
498;366.9473800489999;513.0646096862091;60.930686734504846;0.0;0.0;0.0;0.0
499;363.95893004900006;511.90638724117963;60.92337077878175;0.0;0.0;0.0;0.0
500;363.9706300490001;511.3959164519245;60.916134278894326;0.0;0.0;0.0;0.0
501;357.32236004899994;510.99222972519783;60.90889290458698;0.0;0.0;0.0;0.0
502;354.31803004899973;510.44808395743615;60.90169301858231;0.0;0.0;0.0;0.0
503;354.30208004899976;507.9740326272206;60.894598073993166;0.0;0.0;0.0;0.0
504;350.2812600489998;507.03733935133596;60.88753576440165;0.0;0.0;0.0;0.0
505;346.82479004899994;506.53864440571596;60.88050692218199;0.0;0.0;0.0;0.0
506;343.81894004899993;505.8590507892008;60.87351897347791;0.0;0.0;0.0;0.0
507;343.8092300490001;503.7171365514031;60.86662666217869;0.0;0.0;0.0;0.0
508;341.7794100489999;502.81876251093166;60.85978747448821;0.0;0.0;0.0;0.0
509;337.46445004899977;502.24212924958664;60.852969843346386;0.0;0.0;0.0;0.0
510;337.45492004899995;501.32310618738376;60.846227396314596;0.0;0.0;0.0;0.0
511;337.45222004899995;499.43766675663363;60.839572278627784;0.0;0.0;0.0;0.0
512;337.450040049;498.4551617877066;60.83299064470802;0.0;0.0;0.0;0.0
513;324.0451900490001;497.7595278048857;60.82632623754872;0.0;0.0;0.0;0.0
514;318.04465004899964;496.81648654368354;60.81966918510632;0.0;0.0;0.0;0.0
515;318.05932004899967;495.61949444726355;60.81308770347628;0.0;0.0;0.0;0.0
516;315.0747100489997;494.49912280608817;60.806547658792994;0.0;0.0;0.0;0.0
517;306.264610049;493.7539217733693;60.79998150651049;0.0;0.0;0.0;0.0
518;303.286950049;492.73367069036635;60.79345435680421;0.0;0.0;0.0;0.0
519;303.30339004899986;491.94200052111137;60.78699447632484;0.0;0.0;0.0;0.0
520;300.31943004899983;491.11989616722605;60.780569033242315;0.0;0.0;0.0;0.0
521;291.46388004900007;490.0305247521124;60.774116704836224;0.0;0.0;0.0;0.0
522;288.66726004899976;489.147374864833;60.767700259430704;0.0;0.0;0.0;0.0
523;288.652760049;488.4170915254145;60.76134750664834;0.0;0.0;0.0;0.0
524;285.63783004899994;487.4861253119584;60.75502722798317;0.0;0.0;0.0;0.0
525;280.765870049;486.41575505619477;60.74872041042693;0.0;0.0;0.0;0.0
526;277.764340049;485.6827633451871;60.742442925585905;0.0;0.0;0.0;0.0
527;277.7800800489998;484.1779754222358;60.73623708847069;0.0;0.0;0.0;0.0
528;274.7972000489998;483.3463567800639;60.730060958060015;0.0;0.0;0.0;0.0
529;272.67537004899975;482.24243369572906;60.723927234895214;0.0;0.0;0.0;0.0
530;270.682740049;481.4857746554397;60.71783190082974;0.0;0.0;0.0;0.0
531;270.67021004900005;479.9837320473207;60.71180470426797;0.0;0.0;0.0;0.0
532;267.6592900489999;478.8097037315253;60.70580933361128;0.0;0.0;0.0;0.0
533;270.5406800489999;477.94246388599373;60.69990212752634;0.0;0.0;0.0;0.0
534;267.55123004899986;476.8647317940545;60.69402432278378;0.0;0.0;0.0;0.0
535;267.56380004899995;475.67773846905305;60.688207476440546;0.0;0.0;0.0;0.0
536;264.5795200489998;474.477222217559;60.682420509942034;0.0;0.0;0.0;0.0
537;260.1335600489998;473.5890060936314;60.67664445791169;0.0;0.0;0.0;0.0
538;258.122670049;472.64731096669755;60.67090428357185;0.0;0.0;0.0;0.0
539;258.1090300489999;471.343028726732;60.66522385646433;0.0;0.0;0.0;0.0
540;255.10182998900007;470.4287345773884;60.659567646028236;0.0;0.0;0.0;0.0
541;256.2303299890001;469.5537254267294;60.65397582376946;0.0;0.0;0.0;0.0
542;253.22732998900017;468.7836439790808;60.64840567647403;0.0;0.0;0.0;0.0
543;253.2247099890002;466.55200477466076;60.6429039708533;0.0;0.0;0.0;0.0
544;251.21063998900024;464.9799704979587;60.637441914570346;0.0;0.0;0.0;0.0
545;258.76245998900015;464.02141208216545;60.63210442139214;0.0;0.0;0.0;0.0
546;255.73704998900018;462.78587984800464;60.626791185222935;0.0;0.0;0.0;0.0
547;255.72910998900022;460.93226202048885;60.62153798364489;0.0;0.0;0.0;0.0
548;252.7230499890003;459.5951882282271;60.616309643588764;0.0;0.0;0.0;0.0
549;257.3231299890002;458.58151247662806;60.61117355101949;0.0;0.0;0.0;0.0
550;254.34156998900005;457.24153981380806;60.60606133144735;0.0;0.0;0.0;0.0
551;254.3679499890003;455.2873758768721;60.60100759941775;0.0;0.0;0.0;0.0
552;252.38023998899996;453.93718254537947;60.595986041879726;0.0;0.0;0.0;0.0
553;254.35284998900022;452.8421125943458;60.591029769268296;0.0;0.0;0.0;0.0
554;251.3427199890001;451.42754829213396;60.58609584172065;0.0;0.0;0.0;0.0
555;251.33014998900023;449.8290385701285;60.58121337954032;0.0;0.0;0.0;0.0
556;251.3206199890002;448.41424121255733;60.57637966131368;0.0;0.0;0.0;0.0
557;247.92844998900011;447.2639552710011;60.57155997276782;0.0;0.0;0.0;0.0
558;244.87403998900015;445.88884177309205;60.566759194877534;0.0;0.0;0.0;0.0
559;241.84013998900025;444.5243742781789;60.56197677029519;0.0;0.0;0.0;0.0
560;241.8379999890002;443.1936486443248;60.55724058474957;0.0;0.0;0.0;0.0
561;242.25303998900029;442.02578137702096;60.55255218348813;0.0;0.0;0.0;0.0
562;242.25264998900013;440.63036420664235;60.54790951816626;0.0;0.0;0.0;0.0
563;240.2524399890002;439.79886643327825;60.54328719129905;0.0;0.0;0.0;0.0
564;237.26132998900005;438.3552917192446;60.538681770563976;0.0;0.0;0.0;0.0
565;234.62029998900005;437.22993320613836;60.534092795870585;0.0;0.0;0.0;0.0
566;234.6207899890004;435.8137364499176;60.52954825464537;0.0;0.0;0.0;0.0
567;231.620139989;434.23789242627697;60.52502077698379;0.0;0.0;0.0;0.0
568;229.61732998900004;432.8614779851015;60.52051738962815;0.0;0.0;0.0;0.0
569;230.0572999890004;431.68956403614095;60.516058747601726;0.0;0.0;0.0;0.0
570;227.07264998900007;430.2522737845627;60.51161461278712;0.0;0.0;0.0;0.0
571;227.08999998900015;429.1905543661849;60.50720926215059;0.0;0.0;0.0;0.0
572;224.0919199890003;427.71150586940934;60.50281799804542;0.0;0.0;0.0;0.0
573;224.32412998900043;426.5180010452689;60.4984682011916;0.0;0.0;0.0;0.0
574;222.311149989;425.2724041457822;60.49413863379042;0.0;0.0;0.0;0.0
575;222.29662998900028;424.94491052846826;60.489838408051064;0.0;0.0;0.0;0.0
576;219.2834699890003;423.51910221533547;60.48555042157834;0.0;0.0;0.0;0.0
577;219.5057699890002;422.42026987418626;60.48130140610396;0.0;0.0;0.0;0.0
578;219.50208998900018;421.0836551219658;60.4770912490613;0.0;0.0;0.0;0.0
579;219.49974998900018;420.4700726474546;60.4729121218156;0.0;0.0;0.0;0.0
580;219.4975799890002;419.07766069106486;60.46877158624067;0.0;0.0;0.0;0.0
581;219.66463998900042;418.0169032152515;60.46466736859096;0.0;0.0;0.0;0.0
582;219.66167998900016;416.82007588626067;60.460598876854796;0.0;0.0;0.0;0.0
583;219.65799998900036;415.96855778280917;60.45656225043322;0.0;0.0;0.0;0.0
584;218.64934998900014;414.59739376273103;60.45255329075216;0.0;0.0;0.0;0.0
585;218.7850399890002;413.5564261608684;60.448578624050924;0.0;0.0;0.0;0.0
586;216.77285998900004;412.54295408340937;60.44461835517296;0.0;0.0;0.0;0.0
587;216.7741599890004;411.171704437388;60.44069381447374;0.0;0.0;0.0;0.0
588;214.77741998900035;409.79636348299783;60.436786988574724;0.0;0.0;0.0;0.0
589;208.31805998900006;408.43507713553555;60.43285764529208;0.0;0.0;0.0;0.0
590;207.3423299890004;407.37503024951724;60.428951616376914;0.0;0.0;0.0;0.0
591;207.34561998900006;406.3624686277718;60.425076979302;0.0;0.0;0.0;0.0
592;206.3458399890004;405.30064653084526;60.421224840464;0.0;0.0;0.0;0.0
593;199.368429989;404.0632523784547;60.4173455644331;0.0;0.0;0.0;0.0
594;198.3690799890004;402.66224568325606;60.413492508855164;0.0;0.0;0.0;0.0
595;198.36972998900035;401.3475809541461;60.409672973209666;0.0;0.0;0.0;0.0
596;198.3703799890003;400.2650359967881;60.405884330928785;0.0;0.0;0.0;0.0
597;189.82940998900028;398.9101120262981;60.40205476097787;0.0;0.0;0.0;0.0
598;186.81357998900023;397.6650208436675;60.39823023146032;0.0;0.0;0.0;0.0
599;186.7981899890002;396.64835122768693;60.39443559089038;0.0;0.0;0.0;0.0
600;184.8091900449998;395.2687802930441;60.39065622731618;0.0;0.0;0.0;0.0
601;184.2435900449999;394.21489376572333;60.386901644403835;0.0;0.0;0.0;0.0
602;181.25321004499972;392.82049033058246;60.38315269943969;0.0;0.0;0.0;0.0
603;181.25357004499972;391.79018673832593;60.379432995002006;0.0;0.0;0.0;0.0
604;178.25248004499974;390.5094326709262;60.37571708807376;0.0;0.0;0.0;0.0
605;177.7663300449998;389.43494440436587;60.372025912645675;0.0;0.0;0.0;0.0
606;174.78518004499972;387.9645036052259;60.36833957384862;0.0;0.0;0.0;0.0
607;174.79473004499994;386.9243886342868;60.36468185973568;0.0;0.0;0.0;0.0
608;172.80260004499985;385.8370464798384;60.36103394375385;0.0;0.0;0.0;0.0
609;165.8802100449999;384.7807619403012;60.357348840415725;0.0;0.0;0.0;0.0
610;165.85984004499994;383.65791378248343;60.353692677657655;0.0;0.0;0.0;0.0
611;165.85357004499986;382.63625652706213;60.35006430438299;0.0;0.0;0.0;0.0
612;165.84967004499993;381.5721296748543;60.34646387189826;0.0;0.0;0.0;0.0
613;157.12099004499976;380.5281582338607;60.342812064225136;0.0;0.0;0.0;0.0
614;154.13377004499978;379.3522059745262;60.339162702285975;0.0;0.0;0.0;0.0
615;154.12705004499992;378.346622077806;60.33554065362683;0.0;0.0;0.0;0.0
616;152.11687004499993;377.0948069557993;60.33193020242841;0.0;0.0;0.0;0.0
617;142.79535004499974;376.0417183980563;60.328259183130534;0.0;0.0;0.0;0.0
618;142.79185004499993;374.8257485434149;60.32461755790632;0.0;0.0;0.0;0.0
619;139.7814900449997;373.14713314490564;60.320979874253624;0.0;0.0;0.0;0.0
620;136.77000004499985;372.001656277768;60.317340566493336;0.0;0.0;0.0;0.0
621;115.19710004499973;370.9282189151726;60.31350182992758;0.0;0.0;0.0;0.0
622;115.14079004499979;369.7528910805845;60.309692582944194;0.0;0.0;0.0;0.0
623;113.13307004499973;367.9673650985694;60.305897042282375;0.0;0.0;0.0;0.0
624;113.13372004499968;366.7805036640106;60.30213127638617;0.0;0.0;0.0;0.0
625;104.6348900449999;365.7148261332843;60.2982950898731;0.0;0.0;0.0;0.0
626;104.68798004499979;364.64850549837354;60.29448824251198;0.0;0.0;0.0;0.0
627;101.73511004499994;362.6867429147772;60.2906828009265;0.0;0.0;0.0;0.0
628;101.78131004499994;361.2779106705171;60.28690992073597;0.0;0.0;0.0;0.0
629;99.29496004499981;360.15687089792146;60.283133649073875;0.0;0.0;0.0;0.0
630;97.3058100449997;358.81638494736256;60.27936167219647;0.0;0.0;0.0;0.0
631;97.30281004499977;357.6540633601483;60.275618590233336;0.0;0.0;0.0;0.0
632;94.29761004499994;356.21339379532515;60.27186647919029;0.0;0.0;0.0;0.0
633;94.5536500449997;355.10425659764417;60.268145945882715;0.0;0.0;0.0;0.0
634;91.5510400449997;353.65687023046127;60.26441522416178;0.0;0.0;0.0;0.0
635;91.53291004499977;352.4825635509682;60.26071278855701;0.0;0.0;0.0;0.0
636;88.51216004499963;351.0348595335498;60.25699808591013;0.0;0.0;0.0;0.0
637;88.77248004499995;349.92456585487685;60.253314851086714;0.0;0.0;0.0;0.0
638;86.76793004499984;348.5726244632957;60.24963166819096;0.0;0.0;0.0;0.0
639;86.76433004499984;346.7124178404343;60.24598376396257;0.0;0.0;0.0;0.0
640;84.76927004499987;345.5251923581229;60.24233426448844;0.0;0.0;0.0;0.0
641;84.50656004499967;344.35236409851416;60.2387085520738;0.0;0.0;0.0;0.0
642;84.5202900449998;343.1759312057635;60.2351104896548;0.0;0.0;0.0;0.0
643;84.53523004499982;341.111717873008;60.23154926610027;0.0;0.0;0.0;0.0
644;84.55404004499985;339.591376758817;60.22801882318957;0.0;0.0;0.0;0.0
645;85.07349004499986;338.38000720793167;60.22452272979077;0.0;0.0;0.0;0.0
646;87.08317004499975;336.9517390447733;60.22108422259202;0.0;0.0;0.0;0.0
647;87.09141004499986;334.7902708836104;60.21768184766371;0.0;0.0;0.0;0.0
648;89.09101004499996;333.5200846650793;60.214333689856595;0.0;0.0;0.0;0.0
649;90.69227004499987;331.9633099833332;60.211035663158455;0.0;0.0;0.0;0.0
650;93.70213004499976;330.4434890184832;60.20780406274632;0.0;0.0;0.0;0.0
651;93.71383004499978;326.9502123248067;60.20461971044391;0.0;0.0;0.0;0.0
652;96.70486004499969;325.5443015754694;60.2014968999954;0.0;0.0;0.0;0.0
653;96.9295100449998;323.9539822121465;60.19840404569989;0.0;0.0;0.0;0.0
654;99.90157004499986;322.62832491008584;60.19536958109375;0.0;0.0;0.0;0.0
655;99.87100004499996;320.37660082215183;60.19236759314267;0.0;0.0;0.0;0.0
656;101.86095004499964;318.9497350466735;60.18941157025366;0.0;0.0;0.0;0.0
657;108.36402004499985;317.22007939974793;60.186546758274034;0.0;0.0;0.0;0.0
658;110.35896004499989;315.8802320453924;60.183722918884605;0.0;0.0;0.0;0.0
659;110.34149004499989;314.2345732595381;60.18092408155529;0.0;0.0;0.0;0.0
660;110.32197000800022;312.60413279127283;60.178149872773474;0.0;0.0;0.0;0.0
661;114.84424000800016;311.19563245763675;60.175438546810845;0.0;0.0;0.0;0.0
662;114.82213000800004;309.46760923924785;60.17275192592849;0.0;0.0;0.0;0.0
663;115.82529000800002;308.09311491024346;60.17009534569454;0.0;0.0;0.0;0.0
664;116.83265000800009;306.35902362912043;60.167471624853654;0.0;0.0;0.0;0.0
665;125.09873000799996;304.9558399224914;60.164934774102996;0.0;0.0;0.0;0.0
666;126.11045000799993;303.2238592266424;60.162428989396844;0.0;0.0;0.0;0.0
667;126.11771000800002;301.84691814898855;60.15994337737335;0.0;0.0;0.0;0.0
668;128.1242100080002;300.21214247186055;60.15749563454725;0.0;0.0;0.0;0.0
669;128.9056200079998;298.80296211034755;60.15507377102057;0.0;0.0;0.0;0.0
670;131.8752700079998;297.249031354358;60.15269516368123;0.0;0.0;0.0;0.0
671;131.8414700080001;295.8033600199169;60.15033594567329;0.0;0.0;0.0;0.0
672;133.8144400079999;294.390102003623;60.1480108332669;0.0;0.0;0.0;0.0
673;119.93867000800003;292.9843193657972;60.14560115984354;0.0;0.0;0.0;0.0
674;119.96205000799989;291.6773323491058;60.14321042141615;0.0;0.0;0.0;0.0
675;121.99480000799997;290.3781480354019;60.140853310719805;0.0;0.0;0.0;0.0
676;122.02127000799999;289.212562626147;60.138513583707315;0.0;0.0;0.0;0.0
677;125.28165000800016;287.8822217772784;60.1362159124842;0.0;0.0;0.0;0.0
678;125.28580000799991;286.8408003879877;60.1339340038599;0.0;0.0;0.0;0.0
679;126.28623000799996;285.69110067025645;60.13167568247944;0.0;0.0;0.0;0.0
680;126.29457000799982;284.7327965073769;60.129432201392255;0.0;0.0;0.0;0.0
681;126.76132000799987;283.4889167247095;60.127209098864505;0.0;0.0;0.0;0.0
682;126.766130008;282.7638914786263;60.12499869859388;0.0;0.0;0.0;0.0
683;123.77003000799994;281.57735889529454;60.12278362327431;0.0;0.0;0.0;0.0
684;123.77759000799995;280.7022227031044;60.12058239373944;0.0;0.0;0.0;0.0
685;122.89783000799991;279.5175851479216;60.11839118237815;0.0;0.0;0.0;0.0
686;122.90314000799992;278.6438908636495;60.11621361988743;0.0;0.0;0.0;0.0
687;119.90791000799993;278.17482160067135;60.11402543451989;0.0;0.0;0.0;0.0
688;116.90941000800001;277.31949635843324;60.11182965277381;0.0;0.0;0.0;0.0
689;117.07428000800007;276.2387933251772;60.109650327038146;0.0;0.0;0.0;0.0
690;114.07296000799977;275.197138537557;60.10746418153563;0.0;0.0;0.0;0.0
691;114.07121000799987;274.63101989016343;60.105289075852816;0.0;0.0;0.0;0.0
692;112.058820008;273.61044305519493;60.10311363495602;0.0;0.0;0.0;0.0
693;110.17252000799988;272.7364560191489;60.10093756342054;0.0;0.0;0.0;0.0
694;107.16261000799989;271.842574439892;60.09875250751237;0.0;0.0;0.0;0.0
695;107.1535100079999;271.74694227822977;60.09657452757801;0.0;0.0;0.0;0.0
696;104.15116000799992;270.9292982855526;60.09438611217615;0.0;0.0;0.0;0.0
697;96.77808000799985;270.0563060635695;60.09214824485216;0.0;0.0;0.0;0.0
698;94.790270008;269.3628005908654;60.08990466989559;0.0;0.0;0.0;0.0
699;94.80500000800009;268.589627303858;60.08767421078661;0.0;0.0;0.0;0.0
700;91.80486000799999;268.0327038265792;60.08542699622052;0.0;0.0;0.0;0.0
701;89.66180000800011;267.2072602743879;60.08317255331463;0.0;0.0;0.0;0.0
702;86.65030000800004;266.5861935803077;60.080899419242805;0.0;0.0;0.0;0.0
703;86.63730000800012;264.3504119348561;60.07865191350967;0.0;0.0;0.0;0.0
704;83.62705000800008;263.47134672406975;60.07638793862574;0.0;0.0;0.0;0.0
705;83.57330000799982;262.79736512662447;60.074135600082485;0.0;0.0;0.0;0.0
706;83.56720000800021;261.93569699808745;60.071896943617304;0.0;0.0;0.0;0.0
707;83.5617800079998;261.4009765077026;60.06966905514198;0.0;0.0;0.0;0.0
708;83.58512000799999;260.5740510796852;60.06745468584648;0.0;0.0;0.0;0.0
709;83.8099400079999;259.8277921240576;60.065255077927404;0.0;0.0;0.0;0.0
710;83.82670000799988;259.00256344570647;60.06306872442324;0.0;0.0;0.0;0.0
711;83.8411100080001;258.2116335468132;60.06089522318475;0.0;0.0;0.0;0.0
712;83.82949000799988;257.4109311626797;60.0587343184844;0.0;0.0;0.0;0.0
713;82.36524000799989;256.2552453102664;60.05657441923303;0.0;0.0;0.0;0.0
714;82.35688000800008;255.44290859695863;60.05442715682357;0.0;0.0;0.0;0.0
715;82.34483000800003;254.51419868211178;60.052293406310945;0.0;0.0;0.0;0.0
716;82.33183000799988;253.70843214987997;60.050172027790175;0.0;0.0;0.0;0.0
717;81.720200008;252.56877732537905;60.04805974969903;0.0;0.0;0.0;0.0
718;81.71478000800005;251.3746536856524;60.0459630773975;0.0;0.0;0.0;0.0
719;81.70915000799994;250.53105371592588;60.04387894404361;0.0;0.0;0.0;0.0
720;81.70347005300016;249.39072422611142;60.04180977288988;0.0;0.0;0.0;0.0
721;81.77080005300002;248.5438565817948;60.03975372432061;0.0;0.0;0.0;0.0
722;81.77102005299992;247.4471761276762;60.03771214600447;0.0;0.0;0.0;0.0
723;81.78133005300003;246.4017505084396;60.03568461585066;0.0;0.0;0.0;0.0
724;82.79347005299985;245.22047653834318;60.03368180988639;0.0;0.0;0.0;0.0
725;82.84715005300006;244.33759319496582;60.03169186410039;0.0;0.0;0.0;0.0
726;82.84216005299993;243.06961303847874;60.02971732448559;0.0;0.0;0.0;0.0
727;82.83226005299991;241.40893120084118;60.02776127992962;0.0;0.0;0.0;0.0
728;83.821420053;240.26975161617742;60.025828460246586;0.0;0.0;0.0;0.0
729;83.91137005300004;239.31168152627592;60.023908999767094;0.0;0.0;0.0;0.0
730;83.92294005300016;238.05562436121573;60.02200453538627;0.0;0.0;0.0;0.0
731;83.93554005300018;236.85243520566584;60.020114552599765;0.0;0.0;0.0;0.0
732;84.948310053;235.57815937239977;60.018248219047294;0.0;0.0;0.0;0.0
733;84.43455005300018;234.5786547069881;60.01638996152473;0.0;0.0;0.0;0.0
734;84.42948005300002;233.44040712006512;60.01454521606833;0.0;0.0;0.0;0.0
735;84.42363005300001;232.46228743925278;60.01271261148828;0.0;0.0;0.0;0.0
736;85.44126005300006;231.47281615242468;60.0109007567344;0.0;0.0;0.0;0.0
737;89.38236005300007;230.50666425319392;60.009133850658436;0.0;0.0;0.0;0.0
738;89.39329005299999;229.5148533213801;60.00737883943155;0.0;0.0;0.0;0.0
739;90.40203005299998;228.5771456066189;60.00564313655529;0.0;0.0;0.0;0.0
740;91.40480005300003;227.6159027869236;60.00392660565462;0.0;0.0;0.0;0.0
741;98.02754005300005;226.66703563842415;60.002269755538656;0.0;0.0;0.0;0.0
742;98.0384700530002;225.71689722544133;60.00062377956704;0.0;0.0;0.0;0.0
743;99.05104005300007;224.62281353828558;59.99899662055784;0.0;0.0;0.0;0.0
744;99.04096005300005;223.7112400751241;59.997379732017436;0.0;0.0;0.0;0.0
745;104.65676005300008;222.7706909703042;59.995809410426006;0.0;0.0;0.0;0.0
746;104.63038005300007;221.84673123454456;59.99424900965043;0.0;0.0;0.0;0.0
747;105.60199005300012;220.85387841477953;59.99270491694154;0.0;0.0;0.0;0.0
748;105.58125005299996;219.95894239882006;59.99117042573982;0.0;0.0;0.0;0.0
749;108.45243005300006;219.07626381868968;59.98966211895552;0.0;0.0;0.0;0.0
750;110.44312005300014;218.16448791621949;59.98817441699767;0.0;0.0;0.0;0.0
751;110.45109005300003;217.2957023715655;59.986695966667995;0.0;0.0;0.0;0.0
752;112.4621400530001;216.39690301628568;59.9852379448869;0.0;0.0;0.0;0.0
753;115.05833005300008;215.52984123051087;59.98380281684576;0.0;0.0;0.0;0.0
754;117.08846005300018;214.76714447911067;59.98238631337443;0.0;0.0;0.0;0.0
755;117.09255005300008;213.93187044394153;59.98097839963892;0.0;0.0;0.0;0.0
756;119.09234005299993;213.0671046029048;59.97958910035058;0.0;0.0;0.0;0.0
757;122.38507005300005;212.24663971817867;59.97822406311259;0.0;0.0;0.0;0.0
758;124.35907005300021;211.5768448897856;59.97687568520051;0.0;0.0;0.0;0.0
759;124.35947005300011;210.77638757557256;59.975535262496386;0.0;0.0;0.0;0.0
760;124.36445005300004;209.9564482815143;59.97420290101015;0.0;0.0;0.0;0.0
761;124.31167005300028;209.1729939221924;59.97287805462848;0.0;0.0;0.0;0.0
762;124.32164005300012;208.49451863345067;59.97156030059812;0.0;0.0;0.0;0.0
763;127.31558005300019;207.67925335068298;59.97026438720932;0.0;0.0;0.0;0.0
764;129.30663005300028;206.89254157024357;59.96898532795933;0.0;0.0;0.0;0.0
765;130.50026005300003;206.12588147093274;59.96771902909459;0.0;0.0;0.0;0.0
766;132.49896005300013;205.45475701415128;59.96646870840982;0.0;0.0;0.0;0.0
767;132.50305005300004;205.09748625022917;59.96522307977914;0.0;0.0;0.0;0.0
768;134.5080300530002;204.36224199809453;59.963993566134484;0.0;0.0;0.0;0.0
769;135.63661005300003;203.73810239283893;59.962775272015165;0.0;0.0;0.0;0.0
770;137.63877005300003;203.1195467266033;59.96157186316763;0.0;0.0;0.0;0.0
771;137.630230053;203.09335469008005;59.960370903957745;0.0;0.0;0.0;0.0
772;138.6198300530001;202.4298728510496;59.95918048214807;0.0;0.0;0.0;0.0
773;140.17512005300011;201.87527774306;59.95800216287204;0.0;0.0;0.0;0.0
774;142.1877500530003;201.2417730804293;59.95683827786656;0.0;0.0;0.0;0.0
775;142.20379005300026;201.17499179878251;59.95567707284118;0.0;0.0;0.0;0.0
776;144.21598005300018;200.56877697120734;59.95452994603581;0.0;0.0;0.0;0.0
777;144.22347005300014;200.0689661444926;59.95338793352534;0.0;0.0;0.0;0.0
778;145.21540005300028;199.48524398663577;59.95225544872799;0.0;0.0;0.0;0.0
779;145.20361005300026;199.1948581155623;59.951126725122215;0.0;0.0;0.0;0.0
780;146.21036011400008;198.83472539677678;59.950006164281746;0.0;0.0;0.0;0.0
781;145.34433011399994;198.2903866292917;59.94888742387091;0.0;0.0;0.0;0.0
782;147.346200114;197.95323206557538;59.94778049486334;0.0;0.0;0.0;0.0
783;147.34077011399984;197.69634236792143;59.94667706413015;0.0;0.0;0.0;0.0
784;149.33427011399988;197.3984734460848;59.94558489889502;0.0;0.0;0.0;0.0
785;145.70792011399988;196.898340428273;59.94448377713249;0.0;0.0;0.0;0.0
786;147.6944901139999;196.6156288176221;59.94339391264688;0.0;0.0;0.0;0.0
787;147.69711011399966;196.48572674013505;59.94230679516046;0.0;0.0;0.0;0.0
788;147.70278011399967;196.23996851032803;59.94122307882094;0.0;0.0;0.0;0.0
789;144.40959011400003;195.7919734505145;59.94013123669412;0.0;0.0;0.0;0.0
790;141.42129011400004;195.36184273382;59.93903193155452;0.0;0.0;0.0;0.0
791;141.43207011399988;194.93250949925206;59.93793713097627;0.0;0.0;0.0;0.0
792;141.4426901139999;194.51039272313216;59.93684677364432;0.0;0.0;0.0;0.0
793;138.10754011400002;194.38930986244856;59.93574591684223;0.0;0.0;0.0;0.0
794;135.11252011399972;194.20067209108376;59.934635935539156;0.0;0.0;0.0;0.0
795;135.11057011399987;193.94351537261323;59.9335294480769;0.0;0.0;0.0;0.0
796;133.10732011400012;193.77881843273497;59.93241758003738;0.0;0.0;0.0;0.0
797;131.68642011399982;193.41522626553345;59.93130378898423;0.0;0.0;0.0;0.0
798;128.68358011399994;193.22927145028336;59.930180619484126;0.0;0.0;0.0;0.0
799;128.67781011399995;193.0059036162547;59.92906076291743;0.0;0.0;0.0;0.0
800;128.6715301139999;192.87198956417748;59.927943678047875;0.0;0.0;0.0;0.0
801;125.67893011399963;192.54596569252624;59.926817893352485;0.0;0.0;0.0;0.0
802;125.6911601139999;192.26530124526482;59.92569583597838;0.0;0.0;0.0;0.0
803;122.6953001139999;192.11444820141747;59.924564371021404;0.0;0.0;0.0;0.0
804;122.69811011399986;192.01251694607492;59.92343554379781;0.0;0.0;0.0;0.0
805;122.90277011399996;191.72827873375715;59.9223112772357;0.0;0.0;0.0;0.0
806;122.88594011399994;191.59500823023592;59.921189729956865;0.0;0.0;0.0;0.0
807;119.86837011399996;191.3231307169229;59.920059224848494;0.0;0.0;0.0;0.0
808;119.8624501139999;191.1452492907423;59.91893176313728;0.0;0.0;0.0;0.0
809;120.568550114;190.88145662410113;59.91781073542497;0.0;0.0;0.0;0.0
810;120.5696201139998;190.69568159396965;59.916692795196724;0.0;0.0;0.0;0.0
811;120.57157011399988;190.3319304150119;59.91557899263671;0.0;0.0;0.0;0.0
812;120.5659801139999;190.2793907570602;59.91446743485437;0.0;0.0;0.0;0.0
813;117.93404011399991;190.01386718852928;59.913348640388136;0.0;0.0;0.0;0.0
814;120.92821011399985;189.94780458710204;59.91224438618621;0.0;0.0;0.0;0.0
815;120.922570114;189.32068405109158;59.91114573469051;0.0;0.0;0.0;0.0
816;123.92334011399987;189.27260610685408;59.91006160072031;0.0;0.0;0.0;0.0
817;123.92429011399997;189.01254406492532;59.90898086424079;0.0;0.0;0.0;0.0
818;125.9386301139997;188.73874402170415;59.90791150680435;0.0;0.0;0.0;0.0
819;125.95532011399962;188.13807930050118;59.90684751200525;0.0;0.0;0.0;0.0
820;126.972550114;187.57169274256242;59.90579276654594;0.0;0.0;0.0;0.0
821;126.98588011399977;187.2972530614191;59.904741448003314;0.0;0.0;0.0;0.0
822;128.99403011399988;187.02530840839037;59.90370150278863;0.0;0.0;0.0;0.0
823;129.00036011400005;186.41079134484244;59.90266681982287;0.0;0.0;0.0;0.0
824;129.98995011399973;185.7831633886826;59.90164125699652;0.0;0.0;0.0;0.0
825;130.48450011400007;185.45369424897928;59.90062115981877;0.0;0.0;0.0;0.0
826;131.478940114;184.92636051719194;59.89960959882246;0.0;0.0;0.0;0.0
827;131.47482011399995;184.4391855241875;59.89860242127629;0.0;0.0;0.0;0.0
828;131.48405011400007;183.8022488454069;59.89760049119921;0.0;0.0;0.0;0.0
829;131.3537501139998;183.44002289314417;59.89660171343155;0.0;0.0;0.0;0.0
830;132.3468601139997;183.0826556917278;59.89561047965071;0.0;0.0;0.0;0.0
831;132.33646011400003;182.40994170589892;59.89462453839242;0.0;0.0;0.0;0.0
832;133.3220901139997;182.04950866650904;59.89364599482925;0.0;0.0;0.0;0.0
833;133.32240011400006;181.3767396797358;59.89267272559666;0.0;0.0;0.0;0.0
834;134.32456011400006;180.98332263347737;59.8917069634718;0.0;0.0;0.0;0.0
835;134.32276011400006;180.6065520974837;59.89074480689672;0.0;0.0;0.0;0.0
836;136.3201601139998;180.22755149091597;59.88979359720208;0.0;0.0;0.0;0.0
837;137.56213011399984;179.52568337439752;59.888852181132926;0.0;0.0;0.0;0.0
838;138.55056011399972;179.13113995302538;59.88791789092154;0.0;0.0;0.0;0.0
839;138.535590114;178.8017810962915;59.88698679006918;0.0;0.0;0.0;0.0
840;140.51999010499992;178.4138893168178;59.88606609121658;0.0;0.0;0.0;0.0
841;140.4841901049998;178.01961491397782;59.88514880296901;0.0;0.0;0.0;0.0
842;141.48982010499992;177.64398967369425;59.884238410136774;0.0;0.0;0.0;0.0
843;141.5050401049997;176.968075224948;59.88333302604855;0.0;0.0;0.0;0.0
844;143.52216010499967;176.87807102969057;59.88243649850395;0.0;0.0;0.0;0.0
845;143.52830010499986;176.47790478528145;59.88154346106884;0.0;0.0;0.0;0.0
846;144.52982010499989;176.4453333141466;59.88065536371624;0.0;0.0;0.0;0.0
847;144.51088010499996;176.06569004995288;59.87977053441357;0.0;0.0;0.0;0.0
848;146.48773010499974;175.9154178131346;59.878894350709665;0.0;0.0;0.0;0.0
849;146.4868801049996;175.57429817669603;59.87802125524224;0.0;0.0;0.0;0.0
850;147.4842801049998;175.37153190442163;59.87715375052096;0.0;0.0;0.0;0.0
851;147.48914010499982;175.07141137840648;59.876289114867504;0.0;0.0;0.0;0.0
852;148.49543010499963;174.94999671247382;59.87542960827119;0.0;0.0;0.0;0.0
853;148.42945010499977;174.63568249765373;59.87457279112632;0.0;0.0;0.0;0.0
854;148.42707010499987;174.459487940699;59.87371816629385;0.0;0.0;0.0;0.0
855;148.43300010499968;174.24311895835757;59.87286595214795;0.0;0.0;0.0;0.0
856;148.44058010499964;174.05411746818186;59.87201601018686;0.0;0.0;0.0;0.0
857;146.87216010500003;173.79047915154243;59.87116375284692;0.0;0.0;0.0;0.0
858;146.85687010499998;173.52715883962708;59.870314062501585;0.0;0.0;0.0;0.0
859;146.85576010499983;173.26781181885337;59.86946695550975;0.0;0.0;0.0;0.0
860;146.85728010499986;173.09881111551917;59.868621983959684;0.0;0.0;0.0;0.0
861;146.8458201049997;172.8339803110818;59.86777957405838;0.0;0.0;0.0;0.0
862;146.85687010499976;172.70618515916576;59.86693911140066;0.0;0.0;0.0;0.0
863;145.86138010499997;172.4545684038565;59.866098025738054;0.0;0.0;0.0;0.0
864;145.86463010499972;172.34035751395075;59.86525878990316;0.0;0.0;0.0;0.0
865;145.85099010500005;172.10389350656126;59.86442194809818;0.0;0.0;0.0;0.0
866;145.85077010500015;172.07381951750483;59.863586518626114;0.0;0.0;0.0;0.0
867;146.84056010499978;171.980175950631;59.8627559151385;0.0;0.0;0.0;0.0
868;146.82833010499996;171.9032041604084;59.86192690287217;0.0;0.0;0.0;0.0
869;147.81843010499995;171.7012477581356;59.86110318200186;0.0;0.0;0.0;0.0
870;147.81843010499995;171.70063146399627;59.860280702946696;0.0;0.0;0.0;0.0
871;148.83647010499988;171.51168920016977;59.85946346795756;0.0;0.0;0.0;0.0
872;149.85792010500006;171.4326811286279;59.85865089601117;0.0;0.0;0.0;0.0
873;149.8560401049998;171.25803405154545;59.85784037381986;0.0;0.0;0.0;0.0
874;149.85084010499975;171.32267612968874;59.85703073905436;0.0;0.0;0.0;0.0
875;149.83532010499982;171.13583264908323;59.85622316292417;0.0;0.0;0.0;0.0
876;149.81776010500005;171.0839487570389;59.85541698850651;0.0;0.0;0.0;0.0
877;148.071740105;170.89742208683055;59.854607691235294;0.0;0.0;0.0;0.0
878;147.0776301049999;170.952152551032;59.853796314564406;0.0;0.0;0.0;0.0
879;147.08972010500008;170.7935462522047;59.85298694536957;0.0;0.0;0.0;0.0
880;145.1029401049999;170.75822599296671;59.85217281616603;0.0;0.0;0.0;0.0
881;143.97845010499975;170.61436388527912;59.85135706095456;0.0;0.0;0.0;0.0
882;142.9730301049998;170.5848332523723;59.85053945976266;0.0;0.0;0.0;0.0
883;142.9723501049997;170.4342104604924;59.84972380042799;0.0;0.0;0.0;0.0
884;140.9725701049996;170.31031812020933;59.848903473213255;0.0;0.0;0.0;0.0
885;132.3705901049999;170.17489792817435;59.848056695961084;0.0;0.0;0.0;0.0
886;130.3823001049999;170.04485451261712;59.84720498404868;0.0;0.0;0.0;0.0
887;130.38957010499973;169.7510759080567;59.84635604396133;0.0;0.0;0.0;0.0
888;128.3773001049998;169.61674730910377;59.845502277542984;0.0;0.0;0.0;0.0
889;124.25070010499974;169.48530655270363;59.844636386354246;0.0;0.0;0.0;0.0
890;121.25142010499974;169.3552699299325;59.84376212095389;0.0;0.0;0.0;0.0
891;121.255100105;169.2161312863707;59.84288988240034;0.0;0.0;0.0;0.0
892;118.24690010499978;169.09010142205972;59.84200936900537;0.0;0.0;0.0;0.0
893;117.6975001049999;168.8479733629565;59.8411295162951;0.0;0.0;0.0;0.0
894;114.69074010499969;168.71629902862557;59.840240965682426;0.0;0.0;0.0;0.0
895;114.68467010499978;168.57024051259322;59.83935447267921;0.0;0.0;0.0;0.0
896;112.68514010499973;168.43873994036008;59.83846263330922;0.0;0.0;0.0;0.0
897;112.70088010499978;168.38929580157725;59.837572421839326;0.0;0.0;0.0;0.0
898;109.68475010499981;168.24924567221132;59.836673013613236;0.0;0.0;0.0;0.0
899;109.66509010499988;168.21113926328934;59.83577505204991;0.0;0.0;0.0;0.0
900;109.64997008299997;168.09025375143267;58.662227974025186;0.0;0.0;0.0;0.0
901;106.6356700829997;168.05462826610503;58.65469220914745;0.0;0.0;0.0;0.0
902;100.12099008299992;168.0447324029166;58.64051943578135;0.0;0.0;0.0;0.0
903;100.14386008299971;167.92529694501545;58.63345126718915;0.0;0.0;0.0;0.0
904;98.1713800829998;167.81581860869377;58.626907853278034;0.0;0.0;0.0;0.0
905;98.19219008299979;167.68164195978756;58.62255580445828;0.0;0.0;0.0;0.0
906;91.3067000829999;167.5726719885282;58.613403421363834;0.0;0.0;0.0;0.0
907;91.31641008299971;167.27287519774404;58.60654713822629;0.0;0.0;0.0;0.0
908;88.32097008299979;167.05437568642998;58.599021019483764;0.0;0.0;0.0;0.0
909;83.91887008299977;166.90986980345733;58.589956990171245;0.0;0.0;0.0;0.0
910;83.93879008299996;166.58130820218346;58.582555605729866;0.0;0.0;0.0;0.0
911;83.96198008299984;166.3180665750626;58.57639898637405;0.0;0.0;0.0;0.0
912;83.97935008299987;166.0718486985718;58.571195684361186;0.0;0.0;0.0;0.0
913;84.08450008299974;165.91222253560468;58.566782141398605;0.0;0.0;0.0;0.0
914;79.06632008299971;165.55944174566656;58.56056057610838;0.0;0.0;0.0;0.0
915;78.04159008299985;164.51339366095755;58.554671372802645;0.0;0.0;0.0;0.0
916;78.03034008299983;164.0994821924011;58.54947027380366;0.0;0.0;0.0;0.0
917;80.4156700829999;163.87954329210154;58.5457970411351;0.0;0.0;0.0;0.0
918;80.42757008299986;163.46937338723208;58.542514299271566;0.0;0.0;0.0;0.0
919;80.44351008299986;162.81502912063573;58.539569703029485;0.0;0.0;0.0;0.0
920;80.44905008299975;162.25295127377044;58.53690903445453;0.0;0.0;0.0;0.0
921;80.89574008299996;161.98298747642215;58.534626595923655;0.0;0.0;0.0;0.0
922;80.90691008300018;161.40470074958333;58.532547256648506;0.0;0.0;0.0;0.0
923;81.91638008300015;161.06129952278374;58.53094216066081;0.0;0.0;0.0;0.0
924;81.92526008300001;160.4743956387675;58.529468679055725;0.0;0.0;0.0;0.0
925;90.17987008299997;160.1687535363724;58.53024108054919;0.0;0.0;0.0;0.0
926;90.18247008299977;159.66012188994262;58.53095504669704;0.0;0.0;0.0;0.0
927;92.18527008299998;159.346543122922;58.532064213813385;0.0;0.0;0.0;0.0
928;92.18811008300008;158.7132792264122;58.533095032298064;0.0;0.0;0.0;0.0
929;107.92303008299996;158.3803514709259;58.53692385106475;0.0;0.0;0.0;0.0
930;107.91654008299975;158.03810503683133;58.54050430117581;0.0;0.0;0.0;0.0
931;109.90575008299993;157.39577607963838;58.54414773699123;0.0;0.0;0.0;0.0
932;111.89417008300006;156.36731703449018;58.54783706761482;0.0;0.0;0.0;0.0
933;115.37877008299984;155.97108035462367;58.5517774438189;0.0;0.0;0.0;0.0
934;117.37791008299996;155.3809088734081;58.55573868186368;0.0;0.0;0.0;0.0
935;117.36593008299974;154.98400375001756;58.55947825002318;0.0;0.0;0.0;0.0
936;119.35206008299997;153.8794648549009;58.56322791172562;0.0;0.0;0.0;0.0
937;131.13205008299997;153.44241754678472;58.56806168111791;0.0;0.0;0.0;0.0
938;133.11450008299994;152.71635861698;58.572852629836234;0.0;0.0;0.0;0.0
939;133.10762008300003;151.82127088952853;58.577390789531016;0.0;0.0;0.0;0.0
940;136.1026300829999;151.34916469746145;58.58200094275338;0.0;0.0;0.0;0.0
941;142.63688008300005;150.89730924629578;58.58699221807115;0.0;0.0;0.0;0.0
942;144.64142008299996;150.440199689563;58.591927115002456;0.0;0.0;0.0;0.0
943;144.64922008299982;149.99202452101315;58.59663846168383;0.0;0.0;0.0;0.0
944;146.65684008299968;149.0096007518152;58.601288361764055;0.0;0.0;0.0;0.0
945;154.24442008300002;148.42957125988178;58.606301491885674;0.0;0.0;0.0;0.0
946;157.24347008299992;148.0212836999979;58.61131518947105;0.0;0.0;0.0;0.0
947;157.24085008299994;147.80071706542017;58.616127268685;0.0;0.0;0.0;0.0
948;159.23364008299995;147.33232511627804;58.62087814868142;0.0;0.0;0.0;0.0
949;172.26263008299998;146.88529541113755;58.626316582269965;0.0;0.0;0.0;0.0
950;175.26980008299984;146.46483724267404;58.63174335149014;0.0;0.0;0.0;0.0
951;175.2830500829998;146.08417523257117;58.636964500857985;0.0;0.0;0.0;0.0
952;178.29692008300003;145.63454364588193;58.642176352866066;0.0;0.0;0.0;0.0
953;191.5094300830001;145.32107108897753;58.647960486138736;0.0;0.0;0.0;0.0
954;193.48949008299996;144.88975697605053;58.653640811661646;0.0;0.0;0.0;0.0
955;193.48531008300006;145.3344067027005;58.65914974218036;0.0;0.0;0.0;0.0
956;196.48422008299985;144.95264029820723;58.664618311673635;0.0;0.0;0.0;0.0
957;200.2923300829998;144.79948600620222;58.670091465980576;0.0;0.0;0.0;0.0
958;203.30208008299996;144.4351476333547;58.675525148540096;0.0;0.0;0.0;0.0
959;203.30676008299997;145.72505813423112;58.680836379804575;0.0;0.0;0.0;0.0
960;203.31051997099985;145.45989584939346;58.685976090696045;0.0;0.0;0.0;0.0
961;214.92827997099994;145.4030527682684;58.691500118752344;0.0;0.0;0.0;0.0
962;214.94532997099986;145.3907336611922;58.69686060788485;0.0;0.0;0.0;0.0
963;219.96482997099974;145.58765676291839;58.70229468326659;0.0;0.0;0.0;0.0
964;222.96610997100015;145.59313055671942;58.707703533003716;0.0;0.0;0.0;0.0
965;225.28893997099976;145.42563161936437;58.71305183802711;0.0;0.0;0.0;0.0
966;228.2708199709998;145.4473265362404;58.71837581929017;0.0;0.0;0.0;0.0
967;228.2532199709999;146.5640754303435;58.72359013102615;0.0;0.0;0.0;0.0
968;230.23631997099983;146.67933300752074;58.728745163055336;0.0;0.0;0.0;0.0
969;232.9610899710001;146.6337901475666;58.73386684749358;0.0;0.0;0.0;0.0
970;235.95219997100003;146.9188958634279;58.73897582062517;0.0;0.0;0.0;0.0
971;235.951039971;147.54767581963173;58.743970120626166;0.0;0.0;0.0;0.0
972;238.95146997100005;147.74929132422548;58.748953238022196;0.0;0.0;0.0;0.0
973;239.13854997099997;147.76035031292855;58.75381447610609;0.0;0.0;0.0;0.0
974;242.14092997099988;147.97908817082887;58.758665927450735;0.0;0.0;0.0;0.0
975;242.142949971;148.8416757091992;58.76342126786882;0.0;0.0;0.0;0.0
976;244.14489997099986;149.2409034176699;58.76813834772071;0.0;0.0;0.0;0.0
977;248.20141997100018;149.3345097772057;58.772877110956955;0.0;0.0;0.0;0.0
978;251.21722997100005;149.61658805654756;58.777605814805675;0.0;0.0;0.0;0.0
979;251.2175699710001;151.07327692200383;58.782262786180524;0.0;0.0;0.0;0.0
980;251.21474997099995;151.57550515616077;58.78682119018013;0.0;0.0;0.0;0.0
981;254.27373997099994;151.7871192598077;58.79137097806215;0.0;0.0;0.0;0.0
982;254.26827997099986;152.3060752775555;58.795826915065426;0.0;0.0;0.0;0.0
983;257.2637599709999;153.90195894001133;58.800312842483955;0.0;0.0;0.0;0.0
984;257.2594299709999;154.40791015285217;58.80470678739298;0.0;0.0;0.0;0.0
985;259.176459971;154.7352234820889;58.809064012505644;0.0;0.0;0.0;0.0
986;259.189239971;155.2840182343864;58.81333529432147;0.0;0.0;0.0;0.0
987;262.21451997099985;156.01621029590953;58.81761585637226;0.0;0.0;0.0;0.0
988;262.2422399709999;156.6673309717618;58.82181643036757;0.0;0.0;0.0;0.0
989;265.1004399709998;157.04945106353608;58.82601337682751;0.0;0.0;0.0;0.0
990;265.10108997099996;157.26335680897319;58.83012149512196;0.0;0.0;0.0;0.0
991;268.092149971;158.8253368196875;58.83426224598473;0.0;0.0;0.0;0.0
992;268.08122997099986;159.24158101404805;58.838321002809444;0.0;0.0;0.0;0.0
993;270.04720997100003;160.16863461155725;58.842367793835926;0.0;0.0;0.0;0.0
994;273.03853997099986;160.8959895646726;58.84642618503981;0.0;0.0;0.0;0.0
995;273.0307799709999;161.5897083106523;58.85041261761156;0.0;0.0;0.0;0.0
996;276.02319997099994;162.38270796252286;58.85441202329995;0.0;0.0;0.0;0.0
997;279.3695199709998;162.8659875349129;58.858429535238876;0.0;0.0;0.0;0.0
998;281.36301997099986;163.44226422778323;58.86242902232184;0.0;0.0;0.0;0.0
999;281.3563399709999;164.2030801803718;58.86636131191621;0.0;0.0;0.0;0.0
1000;284.3496199709998;165.02321654515225;58.870310640339376;0.0;0.0;0.0;0.0